-- MySQL dump 10.13  Distrib 8.4.3, for Win64 (x86_64)
--
-- Host: localhost    Database: monitoring_piket
-- ------------------------------------------------------
-- Server version	8.4.3

/*!40101 SET @OLD_CHARACTER_SET_CLIENT=@@CHARACTER_SET_CLIENT */;
/*!40101 SET @OLD_CHARACTER_SET_RESULTS=@@CHARACTER_SET_RESULTS */;
/*!40101 SET @OLD_COLLATION_CONNECTION=@@COLLATION_CONNECTION */;
/*!50503 SET NAMES utf8mb4 */;
/*!40103 SET @OLD_TIME_ZONE=@@TIME_ZONE */;
/*!40103 SET TIME_ZONE='+00:00' */;
/*!40014 SET @OLD_UNIQUE_CHECKS=@@UNIQUE_CHECKS, UNIQUE_CHECKS=0 */;
/*!40014 SET @OLD_FOREIGN_KEY_CHECKS=@@FOREIGN_KEY_CHECKS, FOREIGN_KEY_CHECKS=0 */;
/*!40101 SET @OLD_SQL_MODE=@@SQL_MODE, SQL_MODE='NO_AUTO_VALUE_ON_ZERO' */;
/*!40111 SET @OLD_SQL_NOTES=@@SQL_NOTES, SQL_NOTES=0 */;

--
-- Table structure for table `cache`
--

DROP TABLE IF EXISTS `cache`;
/*!40101 SET @saved_cs_client     = @@character_set_client */;
/*!50503 SET character_set_client = utf8mb4 */;
CREATE TABLE `cache` (
  `key` varchar(255) COLLATE utf8mb4_unicode_ci NOT NULL,
  `value` mediumtext COLLATE utf8mb4_unicode_ci NOT NULL,
  `expiration` bigint NOT NULL,
  PRIMARY KEY (`key`),
  KEY `cache_expiration_index` (`expiration`)
) ENGINE=InnoDB DEFAULT CHARSET=utf8mb4 COLLATE=utf8mb4_unicode_ci;
/*!40101 SET character_set_client = @saved_cs_client */;

--
-- Dumping data for table `cache`
--

LOCK TABLES `cache` WRITE;
/*!40000 ALTER TABLE `cache` DISABLE KEYS */;
/*!40000 ALTER TABLE `cache` ENABLE KEYS */;
UNLOCK TABLES;

--
-- Table structure for table `cache_locks`
--

DROP TABLE IF EXISTS `cache_locks`;
/*!40101 SET @saved_cs_client     = @@character_set_client */;
/*!50503 SET character_set_client = utf8mb4 */;
CREATE TABLE `cache_locks` (
  `key` varchar(255) COLLATE utf8mb4_unicode_ci NOT NULL,
  `owner` varchar(255) COLLATE utf8mb4_unicode_ci NOT NULL,
  `expiration` bigint NOT NULL,
  PRIMARY KEY (`key`),
  KEY `cache_locks_expiration_index` (`expiration`)
) ENGINE=InnoDB DEFAULT CHARSET=utf8mb4 COLLATE=utf8mb4_unicode_ci;
/*!40101 SET character_set_client = @saved_cs_client */;

--
-- Dumping data for table `cache_locks`
--

LOCK TABLES `cache_locks` WRITE;
/*!40000 ALTER TABLE `cache_locks` DISABLE KEYS */;
/*!40000 ALTER TABLE `cache_locks` ENABLE KEYS */;
UNLOCK TABLES;

--
-- Table structure for table `failed_jobs`
--

DROP TABLE IF EXISTS `failed_jobs`;
/*!40101 SET @saved_cs_client     = @@character_set_client */;
/*!50503 SET character_set_client = utf8mb4 */;
CREATE TABLE `failed_jobs` (
  `id` bigint unsigned NOT NULL AUTO_INCREMENT,
  `uuid` varchar(255) COLLATE utf8mb4_unicode_ci NOT NULL,
  `connection` varchar(255) COLLATE utf8mb4_unicode_ci NOT NULL,
  `queue` varchar(255) COLLATE utf8mb4_unicode_ci NOT NULL,
  `payload` longtext COLLATE utf8mb4_unicode_ci NOT NULL,
  `exception` longtext COLLATE utf8mb4_unicode_ci NOT NULL,
  `failed_at` timestamp NOT NULL DEFAULT CURRENT_TIMESTAMP,
  PRIMARY KEY (`id`),
  UNIQUE KEY `failed_jobs_uuid_unique` (`uuid`),
  KEY `failed_jobs_connection_queue_failed_at_index` (`connection`,`queue`,`failed_at`)
) ENGINE=InnoDB DEFAULT CHARSET=utf8mb4 COLLATE=utf8mb4_unicode_ci;
/*!40101 SET character_set_client = @saved_cs_client */;

--
-- Dumping data for table `failed_jobs`
--

LOCK TABLES `failed_jobs` WRITE;
/*!40000 ALTER TABLE `failed_jobs` DISABLE KEYS */;
/*!40000 ALTER TABLE `failed_jobs` ENABLE KEYS */;
UNLOCK TABLES;

--
-- Table structure for table `job_batches`
--

DROP TABLE IF EXISTS `job_batches`;
/*!40101 SET @saved_cs_client     = @@character_set_client */;
/*!50503 SET character_set_client = utf8mb4 */;
CREATE TABLE `job_batches` (
  `id` varchar(255) COLLATE utf8mb4_unicode_ci NOT NULL,
  `name` varchar(255) COLLATE utf8mb4_unicode_ci NOT NULL,
  `total_jobs` int NOT NULL,
  `pending_jobs` int NOT NULL,
  `failed_jobs` int NOT NULL,
  `failed_job_ids` longtext COLLATE utf8mb4_unicode_ci NOT NULL,
  `options` mediumtext COLLATE utf8mb4_unicode_ci,
  `cancelled_at` int DEFAULT NULL,
  `created_at` int NOT NULL,
  `finished_at` int DEFAULT NULL,
  PRIMARY KEY (`id`)
) ENGINE=InnoDB DEFAULT CHARSET=utf8mb4 COLLATE=utf8mb4_unicode_ci;
/*!40101 SET character_set_client = @saved_cs_client */;

--
-- Dumping data for table `job_batches`
--

LOCK TABLES `job_batches` WRITE;
/*!40000 ALTER TABLE `job_batches` DISABLE KEYS */;
/*!40000 ALTER TABLE `job_batches` ENABLE KEYS */;
UNLOCK TABLES;

--
-- Table structure for table `jobs`
--

DROP TABLE IF EXISTS `jobs`;
/*!40101 SET @saved_cs_client     = @@character_set_client */;
/*!50503 SET character_set_client = utf8mb4 */;
CREATE TABLE `jobs` (
  `id` bigint unsigned NOT NULL AUTO_INCREMENT,
  `queue` varchar(255) COLLATE utf8mb4_unicode_ci NOT NULL,
  `payload` longtext COLLATE utf8mb4_unicode_ci NOT NULL,
  `attempts` smallint unsigned NOT NULL,
  `reserved_at` int unsigned DEFAULT NULL,
  `available_at` int unsigned NOT NULL,
  `created_at` int unsigned NOT NULL,
  PRIMARY KEY (`id`),
  KEY `jobs_queue_index` (`queue`)
) ENGINE=InnoDB DEFAULT CHARSET=utf8mb4 COLLATE=utf8mb4_unicode_ci;
/*!40101 SET character_set_client = @saved_cs_client */;

--
-- Dumping data for table `jobs`
--

LOCK TABLES `jobs` WRITE;
/*!40000 ALTER TABLE `jobs` DISABLE KEYS */;
/*!40000 ALTER TABLE `jobs` ENABLE KEYS */;
UNLOCK TABLES;

--
-- Table structure for table `migrations`
--

DROP TABLE IF EXISTS `migrations`;
/*!40101 SET @saved_cs_client     = @@character_set_client */;
/*!50503 SET character_set_client = utf8mb4 */;
CREATE TABLE `migrations` (
  `id` int unsigned NOT NULL AUTO_INCREMENT,
  `migration` varchar(255) COLLATE utf8mb4_unicode_ci NOT NULL,
  `batch` int NOT NULL,
  PRIMARY KEY (`id`)
) ENGINE=InnoDB AUTO_INCREMENT=10 DEFAULT CHARSET=utf8mb4 COLLATE=utf8mb4_unicode_ci;
/*!40101 SET character_set_client = @saved_cs_client */;

--
-- Dumping data for table `migrations`
--

LOCK TABLES `migrations` WRITE;
/*!40000 ALTER TABLE `migrations` DISABLE KEYS */;
INSERT INTO `migrations` VALUES (1,'0001_01_01_000000_create_users_table',1),(2,'0001_01_01_000001_create_cache_table',1),(3,'0001_01_01_000002_create_jobs_table',1),(4,'2026_06_15_085006_create_piket_inputs_table',1),(5,'2026_06_15_085007_create_piket_details_table',1),(6,'2026_06_17_012152_add_lokasi_fix_to_users_table',2),(7,'2026_06_17_012155_create_templates_table',2),(8,'2026_06_18_070439_add_status_and_score_to_piket_inputs_table',3),(9,'2026_06_19_000000_add_alasan_tolak_to_piket_inputs_table',4);
/*!40000 ALTER TABLE `migrations` ENABLE KEYS */;
UNLOCK TABLES;

--
-- Table structure for table `password_reset_tokens`
--

DROP TABLE IF EXISTS `password_reset_tokens`;
/*!40101 SET @saved_cs_client     = @@character_set_client */;
/*!50503 SET character_set_client = utf8mb4 */;
CREATE TABLE `password_reset_tokens` (
  `email` varchar(255) COLLATE utf8mb4_unicode_ci NOT NULL,
  `token` varchar(255) COLLATE utf8mb4_unicode_ci NOT NULL,
  `created_at` timestamp NULL DEFAULT NULL,
  PRIMARY KEY (`email`)
) ENGINE=InnoDB DEFAULT CHARSET=utf8mb4 COLLATE=utf8mb4_unicode_ci;
/*!40101 SET character_set_client = @saved_cs_client */;

--
-- Dumping data for table `password_reset_tokens`
--

LOCK TABLES `password_reset_tokens` WRITE;
/*!40000 ALTER TABLE `password_reset_tokens` DISABLE KEYS */;
/*!40000 ALTER TABLE `password_reset_tokens` ENABLE KEYS */;
UNLOCK TABLES;

--
-- Table structure for table `piket_details`
--

DROP TABLE IF EXISTS `piket_details`;
/*!40101 SET @saved_cs_client     = @@character_set_client */;
/*!50503 SET character_set_client = utf8mb4 */;
CREATE TABLE `piket_details` (
  `id` bigint unsigned NOT NULL AUTO_INCREMENT,
  `piket_input_id` bigint unsigned NOT NULL,
  `category` varchar(255) COLLATE utf8mb4_unicode_ci NOT NULL,
  `subcategory` varchar(255) COLLATE utf8mb4_unicode_ci NOT NULL,
  `item_name` varchar(255) COLLATE utf8mb4_unicode_ci NOT NULL,
  `kondisi` varchar(255) COLLATE utf8mb4_unicode_ci DEFAULT NULL,
  `metode` varchar(255) COLLATE utf8mb4_unicode_ci DEFAULT NULL,
  `created_at` timestamp NULL DEFAULT NULL,
  `updated_at` timestamp NULL DEFAULT NULL,
  PRIMARY KEY (`id`),
  KEY `piket_details_piket_input_id_foreign` (`piket_input_id`),
  CONSTRAINT `piket_details_piket_input_id_foreign` FOREIGN KEY (`piket_input_id`) REFERENCES `piket_inputs` (`id`) ON DELETE CASCADE
) ENGINE=InnoDB AUTO_INCREMENT=1140 DEFAULT CHARSET=utf8mb4 COLLATE=utf8mb4_unicode_ci;
/*!40101 SET character_set_client = @saved_cs_client */;

--
-- Dumping data for table `piket_details`
--

LOCK TABLES `piket_details` WRITE;
/*!40000 ALTER TABLE `piket_details` DISABLE KEYS */;
INSERT INTO `piket_details` VALUES (1,1,'A. MONITORING FASILITAS PELABUHAN','1. Fasilitas Dermaga','Dermaga','Baik','Site Visit','2026-06-16 00:17:25','2026-06-16 00:17:25'),(2,1,'A. MONITORING FASILITAS PELABUHAN','1. Fasilitas Dermaga','Bolder','Kurang','Site Visit','2026-06-16 00:17:25','2026-06-16 00:17:25'),(3,1,'A. MONITORING FASILITAS PELABUHAN','1. Fasilitas Dermaga','Fender','Kurang','Site Visit','2026-06-16 00:17:25','2026-06-16 00:17:25'),(4,1,'A. MONITORING FASILITAS PELABUHAN','2. Traffic Flow','Traffic Flow','Baik','Site Visit','2026-06-16 00:17:25','2026-06-16 00:17:25'),(5,1,'A. MONITORING FASILITAS PELABUHAN','2. Traffic Flow','Alat B/M Utama','Baik','Site Visit','2026-06-16 00:17:25','2026-06-16 00:17:25'),(6,1,'A. MONITORING FASILITAS PELABUHAN','2. Traffic Flow','Alat Pendukung','Baik','Site Visit','2026-06-16 00:17:25','2026-06-16 00:17:25'),(7,1,'A. MONITORING FASILITAS PELABUHAN','2. Traffic Flow','Lapangan Penumpukan','Kurang','Site Visit','2026-06-16 00:17:25','2026-06-16 00:17:25'),(8,1,'A. MONITORING FASILITAS PELABUHAN','2. Traffic Flow','Gate & Jembatan Timbangan','Baik','Site Visit','2026-06-16 00:17:25','2026-06-16 00:17:25'),(9,1,'A. MONITORING FASILITAS PELABUHAN','2. Traffic Flow','Control Room','Baik','Site Visit','2026-06-16 00:17:25','2026-06-16 00:17:25'),(10,1,'A. MONITORING FASILITAS PELABUHAN','2. Traffic Flow','CCTV','Kurang','Site Visit','2026-06-16 00:17:25','2026-06-16 00:17:25'),(11,1,'A. MONITORING FASILITAS PELABUHAN','2. Traffic Flow','Gudang','Kurang','Site Visit','2026-06-16 00:17:25','2026-06-16 00:17:25'),(12,1,'B. MONITORING OPERASIONAL','1. Kesiapan SDM','Petugas Control Room','Siap','Site Visit','2026-06-16 00:17:25','2026-06-16 00:17:25'),(13,1,'B. MONITORING OPERASIONAL','1. Kesiapan SDM','Operator Alat Utama','Siap','Site Visit','2026-06-16 00:17:25','2026-06-16 00:17:25'),(14,1,'B. MONITORING OPERASIONAL','1. Kesiapan SDM','Operator Alat Pendukung','Siap','Site Visit','2026-06-16 00:17:25','2026-06-16 00:17:25'),(15,2,'A. MONITORING FASILITAS PELABUHAN','1. Fasilitas Dermaga','Dermaga','Baik','Site Visit','2026-06-16 00:26:53','2026-06-16 00:26:53'),(16,2,'A. MONITORING FASILITAS PELABUHAN','1. Fasilitas Dermaga','Bolder','Baik','Site Visit','2026-06-16 00:26:53','2026-06-16 00:26:53'),(17,2,'A. MONITORING FASILITAS PELABUHAN','1. Fasilitas Dermaga','Fender','Baik','Site Visit','2026-06-16 00:26:53','2026-06-16 00:26:53'),(18,2,'A. MONITORING FASILITAS PELABUHAN','2. Traffic Flow','Traffic Flow','Baik','Site Visit','2026-06-16 00:26:53','2026-06-16 00:26:53'),(19,2,'A. MONITORING FASILITAS PELABUHAN','2. Traffic Flow','Alat B/M Utama','Baik','Site Visit','2026-06-16 00:26:53','2026-06-16 00:26:53'),(20,2,'A. MONITORING FASILITAS PELABUHAN','2. Traffic Flow','Alat Pendukung','Baik','Site Visit','2026-06-16 00:26:53','2026-06-16 00:26:53'),(21,2,'A. MONITORING FASILITAS PELABUHAN','2. Traffic Flow','Lapangan Penumpukan','Baik','Site Visit','2026-06-16 00:26:53','2026-06-16 00:26:53'),(22,2,'A. MONITORING FASILITAS PELABUHAN','2. Traffic Flow','Gate & Jembatan Timbangan','Baik','Site Visit','2026-06-16 00:26:53','2026-06-16 00:26:53'),(23,2,'A. MONITORING FASILITAS PELABUHAN','2. Traffic Flow','Control Room','Baik','Site Visit','2026-06-16 00:26:53','2026-06-16 00:26:53'),(24,2,'A. MONITORING FASILITAS PELABUHAN','2. Traffic Flow','CCTV','Baik','Site Visit','2026-06-16 00:26:53','2026-06-16 00:26:53'),(25,2,'A. MONITORING FASILITAS PELABUHAN','2. Traffic Flow','Gudang','Baik','Site Visit','2026-06-16 00:26:53','2026-06-16 00:26:53'),(26,2,'B. MONITORING OPERASIONAL','1. Kesiapan SDM','Petugas Control Room','Siap','Site Visit','2026-06-16 00:26:53','2026-06-16 00:26:53'),(27,2,'B. MONITORING OPERASIONAL','1. Kesiapan SDM','Operator Alat Utama','Siap','Site Visit','2026-06-16 00:26:53','2026-06-16 00:26:53'),(28,2,'B. MONITORING OPERASIONAL','1. Kesiapan SDM','Operator Alat Pendukung','Siap','Site Visit','2026-06-16 00:26:53','2026-06-16 00:26:53'),(29,3,'A. MONITORING FASILITAS PELABUHAN','1. Fasilitas Dermaga','Dermaga','Baik','Site Visit','2026-06-16 16:37:18','2026-06-16 16:37:18'),(30,3,'A. MONITORING FASILITAS PELABUHAN','1. Fasilitas Dermaga','Bolder','Baik','Site Visit','2026-06-16 16:37:18','2026-06-16 16:37:18'),(31,3,'A. MONITORING FASILITAS PELABUHAN','1. Fasilitas Dermaga','Fender','Baik','Site Visit','2026-06-16 16:37:18','2026-06-16 16:37:18'),(32,3,'A. MONITORING FASILITAS PELABUHAN','2. Traffic Flow','Traffic Flow','Baik','Site Visit','2026-06-16 16:37:18','2026-06-16 16:37:18'),(33,3,'A. MONITORING FASILITAS PELABUHAN','2. Traffic Flow','Alat B/M Utama','Baik','Site Visit','2026-06-16 16:37:18','2026-06-16 16:37:18'),(34,3,'A. MONITORING FASILITAS PELABUHAN','2. Traffic Flow','Alat Pendukung','Baik','Site Visit','2026-06-16 16:37:18','2026-06-16 16:37:18'),(35,3,'A. MONITORING FASILITAS PELABUHAN','2. Traffic Flow','Lapangan Penumpukan','Baik','Site Visit','2026-06-16 16:37:18','2026-06-16 16:37:18'),(36,3,'A. MONITORING FASILITAS PELABUHAN','2. Traffic Flow','Gate & Jembatan Timbangan','Baik','Site Visit','2026-06-16 16:37:18','2026-06-16 16:37:18'),(37,3,'A. MONITORING FASILITAS PELABUHAN','2. Traffic Flow','Control Room','Baik','Site Visit','2026-06-16 16:37:18','2026-06-16 16:37:18'),(38,3,'A. MONITORING FASILITAS PELABUHAN','2. Traffic Flow','CCTV','Baik','Site Visit','2026-06-16 16:37:18','2026-06-16 16:37:18'),(39,3,'A. MONITORING FASILITAS PELABUHAN','2. Traffic Flow','Gudang','Baik','Site Visit','2026-06-16 16:37:18','2026-06-16 16:37:18'),(40,3,'B. MONITORING OPERASIONAL','1. Kesiapan SDM','Petugas Control Room','Siap','Site Visit','2026-06-16 16:37:18','2026-06-16 16:37:18'),(41,3,'B. MONITORING OPERASIONAL','1. Kesiapan SDM','Operator Alat Utama','Siap','Site Visit','2026-06-16 16:37:18','2026-06-16 16:37:18'),(42,3,'B. MONITORING OPERASIONAL','1. Kesiapan SDM','Operator Alat Pendukung','Siap','Site Visit','2026-06-16 16:37:18','2026-06-16 16:37:18'),(43,4,'A. MONITORING FASILITAS PELABUHAN','1. Fasilitas Dermaga','Dermaga','Baik','Site Visit','2026-06-16 16:48:14','2026-06-16 16:48:14'),(44,4,'A. MONITORING FASILITAS PELABUHAN','1. Fasilitas Dermaga','Bolder','Baik','Site Visit','2026-06-16 16:48:14','2026-06-16 16:48:14'),(45,4,'A. MONITORING FASILITAS PELABUHAN','1. Fasilitas Dermaga','Fender','Baik','Site Visit','2026-06-16 16:48:14','2026-06-16 16:48:14'),(46,4,'A. MONITORING FASILITAS PELABUHAN','2. Traffic Flow','Traffic Flow','Baik','Site Visit','2026-06-16 16:48:14','2026-06-16 16:48:14'),(47,4,'A. MONITORING FASILITAS PELABUHAN','2. Traffic Flow','Alat B/M Utama','Baik','Site Visit','2026-06-16 16:48:14','2026-06-16 16:48:14'),(48,4,'A. MONITORING FASILITAS PELABUHAN','2. Traffic Flow','Alat Pendukung','Baik','Site Visit','2026-06-16 16:48:14','2026-06-16 16:48:14'),(49,4,'A. MONITORING FASILITAS PELABUHAN','2. Traffic Flow','Lapangan Penumpukan','Baik','Site Visit','2026-06-16 16:48:14','2026-06-16 16:48:14'),(50,4,'A. MONITORING FASILITAS PELABUHAN','2. Traffic Flow','Gate & Jembatan Timbangan','Baik','Site Visit','2026-06-16 16:48:14','2026-06-16 16:48:14'),(51,4,'A. MONITORING FASILITAS PELABUHAN','2. Traffic Flow','Control Room','Baik','Site Visit','2026-06-16 16:48:14','2026-06-16 16:48:14'),(52,4,'A. MONITORING FASILITAS PELABUHAN','2. Traffic Flow','CCTV','Baik','Site Visit','2026-06-16 16:48:14','2026-06-16 16:48:14'),(53,4,'A. MONITORING FASILITAS PELABUHAN','2. Traffic Flow','Gudang','Baik','Site Visit','2026-06-16 16:48:14','2026-06-16 16:48:14'),(54,4,'B. MONITORING OPERASIONAL','1. Kesiapan SDM','Petugas Control Room','Siap','Site Visit','2026-06-16 16:48:14','2026-06-16 16:48:14'),(55,4,'B. MONITORING OPERASIONAL','1. Kesiapan SDM','Operator Alat Utama','Siap','Site Visit','2026-06-16 16:48:14','2026-06-16 16:48:14'),(56,4,'B. MONITORING OPERASIONAL','1. Kesiapan SDM','Operator Alat Pendukung','Siap','Site Visit','2026-06-16 16:48:14','2026-06-16 16:48:14'),(57,5,'A','1. Fasilitas Dermaga','Dermaga','Baik','Site Visit','2026-06-16 21:31:52','2026-06-16 21:31:52'),(58,5,'A','1. Fasilitas Dermaga','Bolder','Baik','Site Visit','2026-06-16 21:31:52','2026-06-16 21:31:52'),(59,5,'A','1. Fasilitas Dermaga','Fender','Baik','Site Visit','2026-06-16 21:31:52','2026-06-16 21:31:52'),(60,5,'A','2. Traffic Flow, Peralatan & Fasilitas Terminal Lainnya','Traffic Flow','Baik','Site Visit','2026-06-16 21:31:52','2026-06-16 21:31:52'),(61,5,'A','2. Traffic Flow, Peralatan & Fasilitas Terminal Lainnya','Alat B/M Utama','Baik','Site Visit','2026-06-16 21:31:52','2026-06-16 21:31:52'),(62,5,'A','2. Traffic Flow, Peralatan & Fasilitas Terminal Lainnya','Alat Pendukung','Baik','Site Visit','2026-06-16 21:31:52','2026-06-16 21:31:52'),(63,5,'A','2. Traffic Flow, Peralatan & Fasilitas Terminal Lainnya','Gudang','Baik','Site Visit','2026-06-16 21:31:52','2026-06-16 21:31:52'),(64,5,'A','2. Traffic Flow, Peralatan & Fasilitas Terminal Lainnya','Lapangan Penumpukan','Baik','Site Visit','2026-06-16 21:31:52','2026-06-16 21:31:52'),(65,5,'A','2. Traffic Flow, Peralatan & Fasilitas Terminal Lainnya','Gate & Jembatan Timbangan','Baik','Site Visit','2026-06-16 21:31:52','2026-06-16 21:31:52'),(66,5,'A','2. Traffic Flow, Peralatan & Fasilitas Terminal Lainnya','Control Room','Baik','Site Visit','2026-06-16 21:31:52','2026-06-16 21:31:52'),(67,5,'A','2. Traffic Flow, Peralatan & Fasilitas Terminal Lainnya','CCTV','Baik','Site Visit','2026-06-16 21:31:52','2026-06-16 21:31:52'),(68,5,'B','1. Kesiapan SDM','SDM Operasi','Baik','Site Visit','2026-06-16 21:31:52','2026-06-16 21:31:52'),(69,5,'B','1. Kesiapan SDM','Pengamanan','Baik','Site Visit','2026-06-16 21:31:52','2026-06-16 21:31:52'),(70,5,'B','1. Kesiapan SDM','TKBM','Baik','Site Visit','2026-06-16 21:31:52','2026-06-16 21:31:52'),(71,5,'B','2. Operasional Bongkar/Muat','Kapal yang berkegiatan','Baik','Site Visit','2026-06-16 21:31:52','2026-06-16 21:31:52'),(72,5,'B','2. Operasional Bongkar/Muat','Antrian Kapal, Kepadatan Gudang & Lapangan Penumpukan','Baik','Site Visit','2026-06-16 21:31:52','2026-06-16 21:31:52'),(73,5,'C','1. Pengelolaan HSSE','Incident','Ada','Site Visit','2026-06-16 21:31:52','2026-06-16 21:31:52'),(74,5,'C','1. Pengelolaan HSSE','Unsafe Action','Ada','Site Visit','2026-06-16 21:31:52','2026-06-16 21:31:52'),(75,5,'C','1. Pengelolaan HSSE','Unsafe Condition','Ada','Site Visit','2026-06-16 21:31:52','2026-06-16 21:31:52'),(76,5,'C','2. Kelengkapan Fasilitas HSSE','Kelengkapan Fasilitas HSSE',NULL,'Site Visit','2026-06-16 21:31:52','2026-06-16 21:31:52'),(77,5,'C','3. Fit to Work','Fit to Work',NULL,'Site Visit','2026-06-16 21:31:52','2026-06-16 21:31:52'),(78,5,'D','None','Penyelesaian Komplain','Kurang',NULL,'2026-06-16 21:31:52','2026-06-16 22:07:33'),(79,5,'D','None','Penyelesaian Komplain',NULL,'Site Visit','2026-06-16 21:31:52','2026-06-16 22:07:33'),(80,5,'D','None','Komunikasi Publik dan Media Handling','Baik',NULL,'2026-06-16 21:31:52','2026-06-16 22:07:33'),(81,5,'D','None','Komunikasi Publik dan Media Handling',NULL,'Site Visit','2026-06-16 21:31:52','2026-06-16 22:07:33'),(82,5,'D','None','Komunikasi dengan Stakeholder Terkait','Kurang',NULL,'2026-06-16 21:31:52','2026-06-16 22:07:33'),(83,5,'D','None','Komunikasi dengan Stakeholder Terkait',NULL,'Site Visit','2026-06-16 21:31:52','2026-06-16 22:07:33'),(84,5,'E','None','Tidak terdapat indikasi praktik tipping, pungutan liar, penyuapan, fraud, atau pemberian gratifikasi kepada petugas serta tidak terdapat percepatan layanan tidak resmi di luar prosedur yang berlaku.','Ada',NULL,'2026-06-16 21:31:52','2026-06-16 22:07:33'),(85,5,'E','None','Tidak terdapat indikasi praktik tipping, pungutan liar, penyuapan, fraud, atau pemberian gratifikasi kepada petugas serta tidak terdapat percepatan layanan tidak resmi di luar prosedur yang berlaku.',NULL,'Site Visit','2026-06-16 21:31:52','2026-06-16 22:07:33'),(86,5,'F. RESUME','Resume','Evaluasi Kondisi Fasilitas yang dipersyaratkan dibandingkan dengan kondisi eksiting (termasuk posko)',NULL,NULL,'2026-06-16 21:31:52','2026-06-16 21:31:52'),(87,5,'F. RESUME','Resume','Evaluasi terhadap operasional realisasi arus kapal dan penumpang serta penerapan HSSE',NULL,NULL,'2026-06-16 21:31:52','2026-06-16 21:31:52'),(88,5,'F. RESUME','Resume','Evaluasi Komplain dan media handling',NULL,NULL,'2026-06-16 21:31:52','2026-06-16 21:31:52'),(89,5,'F. RESUME','Resume','Isu yang Memerlukan Perhatian Manajemen',NULL,NULL,'2026-06-16 21:31:52','2026-06-16 21:31:52'),(90,6,'A','1. Fasilitas Dermaga','Dermaga','Baik','Site Visit','2026-06-16 21:31:52','2026-06-16 21:31:52'),(91,6,'A','1. Fasilitas Dermaga','Bolder','Baik','Site Visit','2026-06-16 21:31:52','2026-06-16 21:31:52'),(92,6,'A','1. Fasilitas Dermaga','Fender','Baik','Site Visit','2026-06-16 21:31:52','2026-06-16 21:31:52'),(93,6,'A','2. Traffic Flow, Peralatan & Fasilitas Terminal Lainnya','Traffic Flow','Baik','Site Visit','2026-06-16 21:31:52','2026-06-16 21:31:52'),(94,6,'A','2. Traffic Flow, Peralatan & Fasilitas Terminal Lainnya','Alat B/M Utama','Baik','Site Visit','2026-06-16 21:31:52','2026-06-16 21:31:52'),(95,6,'A','2. Traffic Flow, Peralatan & Fasilitas Terminal Lainnya','Alat Pendukung','Baik','Site Visit','2026-06-16 21:31:52','2026-06-16 21:31:52'),(96,6,'A','2. Traffic Flow, Peralatan & Fasilitas Terminal Lainnya','Gudang','Baik','Site Visit','2026-06-16 21:31:52','2026-06-16 21:31:52'),(97,6,'A','2. Traffic Flow, Peralatan & Fasilitas Terminal Lainnya','Lapangan Penumpukan','Baik','Site Visit','2026-06-16 21:31:52','2026-06-16 21:31:52'),(98,6,'A','2. Traffic Flow, Peralatan & Fasilitas Terminal Lainnya','Gate & Jembatan Timbangan','Baik','Site Visit','2026-06-16 21:31:52','2026-06-16 21:31:52'),(99,6,'A','2. Traffic Flow, Peralatan & Fasilitas Terminal Lainnya','Control Room','Baik','Site Visit','2026-06-16 21:31:52','2026-06-16 21:31:52'),(100,6,'A','2. Traffic Flow, Peralatan & Fasilitas Terminal Lainnya','CCTV','Baik','Site Visit','2026-06-16 21:31:52','2026-06-16 21:31:52'),(101,6,'B','1. Kesiapan SDM','SDM Operasi','Baik','Site Visit','2026-06-16 21:31:52','2026-06-16 21:31:52'),(102,6,'B','1. Kesiapan SDM','Pengamanan','Baik','Site Visit','2026-06-16 21:31:52','2026-06-16 21:31:52'),(103,6,'B','1. Kesiapan SDM','TKBM','Baik','Site Visit','2026-06-16 21:31:52','2026-06-16 21:31:52'),(104,6,'B','2. Operasional Bongkar/Muat','Kapal yang berkegiatan','Baik','Site Visit','2026-06-16 21:31:52','2026-06-16 21:31:52'),(105,6,'B','2. Operasional Bongkar/Muat','Antrian Kapal, Kepadatan Gudang & Lapangan Penumpukan','Baik','Site Visit','2026-06-16 21:31:52','2026-06-16 21:31:52'),(106,6,'C','1. Pengelolaan HSSE','Incident','Ada','Site Visit','2026-06-16 21:31:53','2026-06-16 21:31:53'),(107,6,'C','1. Pengelolaan HSSE','Unsafe Action','Ada','Site Visit','2026-06-16 21:31:53','2026-06-16 21:31:53'),(108,6,'C','1. Pengelolaan HSSE','Unsafe Condition','Ada','Site Visit','2026-06-16 21:31:53','2026-06-16 21:31:53'),(109,6,'C','2. Kelengkapan Fasilitas HSSE','Kelengkapan Fasilitas HSSE',NULL,'Site Visit','2026-06-16 21:31:53','2026-06-16 21:31:53'),(110,6,'C','3. Fit to Work','Fit to Work',NULL,'Site Visit','2026-06-16 21:31:53','2026-06-16 21:31:53'),(111,6,'D','None','Penyelesaian Komplain','Kurang',NULL,'2026-06-16 21:31:53','2026-06-16 22:07:33'),(112,6,'D','None','Penyelesaian Komplain',NULL,'Site Visit','2026-06-16 21:31:53','2026-06-16 22:07:33'),(113,6,'D','None','Komunikasi Publik dan Media Handling','Baik',NULL,'2026-06-16 21:31:53','2026-06-16 22:07:33'),(114,6,'D','None','Komunikasi Publik dan Media Handling',NULL,'Site Visit','2026-06-16 21:31:53','2026-06-16 22:07:33'),(115,6,'D','None','Komunikasi dengan Stakeholder Terkait','Kurang',NULL,'2026-06-16 21:31:53','2026-06-16 22:07:33'),(116,6,'D','None','Komunikasi dengan Stakeholder Terkait',NULL,'Site Visit','2026-06-16 21:31:53','2026-06-16 22:07:33'),(117,6,'E','None','Tidak terdapat indikasi praktik tipping, pungutan liar, penyuapan, fraud, atau pemberian gratifikasi kepada petugas serta tidak terdapat percepatan layanan tidak resmi di luar prosedur yang berlaku.','Ada',NULL,'2026-06-16 21:31:53','2026-06-16 22:07:33'),(118,6,'E','None','Tidak terdapat indikasi praktik tipping, pungutan liar, penyuapan, fraud, atau pemberian gratifikasi kepada petugas serta tidak terdapat percepatan layanan tidak resmi di luar prosedur yang berlaku.',NULL,'Site Visit','2026-06-16 21:31:53','2026-06-16 22:07:33'),(119,6,'F. RESUME','Resume','Evaluasi Kondisi Fasilitas yang dipersyaratkan dibandingkan dengan kondisi eksiting (termasuk posko)',NULL,NULL,'2026-06-16 21:31:53','2026-06-16 21:31:53'),(120,6,'F. RESUME','Resume','Evaluasi terhadap operasional realisasi arus kapal dan penumpang serta penerapan HSSE',NULL,NULL,'2026-06-16 21:31:53','2026-06-16 21:31:53'),(121,6,'F. RESUME','Resume','Evaluasi Komplain dan media handling',NULL,NULL,'2026-06-16 21:31:53','2026-06-16 21:31:53'),(122,6,'F. RESUME','Resume','Isu yang Memerlukan Perhatian Manajemen',NULL,NULL,'2026-06-16 21:31:53','2026-06-16 21:31:53'),(123,7,'A','1. Fasilitas Dermaga','Dermaga','Kurang','Site Visit','2026-06-16 21:43:36','2026-06-16 21:43:36'),(124,7,'A','1. Fasilitas Dermaga','Bolder','Kurang','Site Visit','2026-06-16 21:43:36','2026-06-16 21:43:36'),(125,7,'A','1. Fasilitas Dermaga','Fender','Kurang','Site Visit','2026-06-16 21:43:36','2026-06-16 21:43:36'),(126,7,'A','2. Traffic Flow, Peralatan & Fasilitas Terminal Lainnya','Traffic Flow','Kurang','Online','2026-06-16 21:43:36','2026-06-16 21:43:36'),(127,7,'A','2. Traffic Flow, Peralatan & Fasilitas Terminal Lainnya','Alat B/M Utama','Kurang','Online','2026-06-16 21:43:36','2026-06-16 21:43:36'),(128,7,'A','2. Traffic Flow, Peralatan & Fasilitas Terminal Lainnya','Alat Pendukung','Kurang','Online','2026-06-16 21:43:36','2026-06-16 21:43:36'),(129,7,'A','2. Traffic Flow, Peralatan & Fasilitas Terminal Lainnya','Gudang','Kurang','Online','2026-06-16 21:43:36','2026-06-16 21:43:36'),(130,7,'A','2. Traffic Flow, Peralatan & Fasilitas Terminal Lainnya','Lapangan Penumpukan','Kurang','Online','2026-06-16 21:43:36','2026-06-16 21:43:36'),(131,7,'A','2. Traffic Flow, Peralatan & Fasilitas Terminal Lainnya','Gate & Jembatan Timbangan','Kurang','Online','2026-06-16 21:43:36','2026-06-16 21:43:36'),(132,7,'A','2. Traffic Flow, Peralatan & Fasilitas Terminal Lainnya','Control Room','Kurang','Online','2026-06-16 21:43:36','2026-06-16 21:43:36'),(133,7,'A','2. Traffic Flow, Peralatan & Fasilitas Terminal Lainnya','CCTV','Kurang','Online','2026-06-16 21:43:36','2026-06-16 21:43:36'),(134,7,'B','1. Kesiapan SDM','SDM Operasi','Kurang','Online','2026-06-16 21:43:36','2026-06-16 21:43:36'),(135,7,'B','1. Kesiapan SDM','Pengamanan','Kurang','Online','2026-06-16 21:43:36','2026-06-16 21:43:36'),(136,7,'B','1. Kesiapan SDM','TKBM','Kurang','Online','2026-06-16 21:43:36','2026-06-16 21:43:36'),(137,7,'B','2. Operasional Bongkar/Muat','Kapal yang berkegiatan','Kurang','Online','2026-06-16 21:43:36','2026-06-16 21:43:36'),(138,7,'B','2. Operasional Bongkar/Muat','Antrian Kapal, Kepadatan Gudang & Lapangan Penumpukan','Kurang','Online','2026-06-16 21:43:36','2026-06-16 21:43:36'),(139,7,'C','1. Pengelolaan HSSE','Incident','Tidak Ada','Online','2026-06-16 21:43:36','2026-06-16 21:43:36'),(140,7,'C','1. Pengelolaan HSSE','Unsafe Action','Tidak Ada','Online','2026-06-16 21:43:36','2026-06-16 21:43:36'),(141,7,'C','1. Pengelolaan HSSE','Unsafe Condition','Tidak Ada','Online','2026-06-16 21:43:36','2026-06-16 21:43:36'),(142,7,'C','2. Kelengkapan Fasilitas HSSE','Kelengkapan Fasilitas HSSE',NULL,'Online','2026-06-16 21:43:36','2026-06-16 21:43:36'),(143,7,'C','3. Fit to Work','Fit to Work',NULL,'Online','2026-06-16 21:43:36','2026-06-16 21:43:36'),(144,7,'D','None','Penyelesaian Komplain','Kurang',NULL,'2026-06-16 21:43:36','2026-06-16 22:07:33'),(145,7,'D','None','Penyelesaian Komplain',NULL,'Online','2026-06-16 21:43:36','2026-06-16 22:07:33'),(146,7,'D','None','Komunikasi Publik dan Media Handling','Kurang',NULL,'2026-06-16 21:43:36','2026-06-16 22:07:33'),(147,7,'D','None','Komunikasi Publik dan Media Handling',NULL,'Online','2026-06-16 21:43:36','2026-06-16 22:07:33'),(148,7,'D','None','Komunikasi dengan Stakeholder Terkait','Kurang',NULL,'2026-06-16 21:43:36','2026-06-16 22:07:33'),(149,7,'D','None','Komunikasi dengan Stakeholder Terkait',NULL,'Online','2026-06-16 21:43:36','2026-06-16 22:07:33'),(150,7,'E','None','Tidak terdapat indikasi praktik tipping, pungutan liar, penyuapan, fraud, atau pemberian gratifikasi kepada petugas serta tidak terdapat percepatan layanan tidak resmi di luar prosedur yang berlaku.','Tidak Ada',NULL,'2026-06-16 21:43:36','2026-06-16 22:07:33'),(151,7,'E','None','Tidak terdapat indikasi praktik tipping, pungutan liar, penyuapan, fraud, atau pemberian gratifikasi kepada petugas serta tidak terdapat percepatan layanan tidak resmi di luar prosedur yang berlaku.',NULL,'Online','2026-06-16 21:43:36','2026-06-16 22:07:33'),(152,7,'F. RESUME','Resume','Evaluasi Kondisi Fasilitas yang dipersyaratkan dibandingkan dengan kondisi eksiting (termasuk posko)',NULL,NULL,'2026-06-16 21:43:36','2026-06-16 21:43:36'),(153,7,'F. RESUME','Resume','Evaluasi terhadap operasional realisasi arus kapal dan penumpang serta penerapan HSSE',NULL,NULL,'2026-06-16 21:43:36','2026-06-16 21:43:36'),(154,7,'F. RESUME','Resume','Evaluasi Komplain dan media handling',NULL,NULL,'2026-06-16 21:43:36','2026-06-16 21:43:36'),(155,7,'F. RESUME','Resume','Isu yang Memerlukan Perhatian Manajemen',NULL,NULL,'2026-06-16 21:43:36','2026-06-16 21:43:36'),(156,8,'A','1. Fasilitas Dermaga','Dermaga','Baik','Online','2026-06-16 22:04:34','2026-06-16 22:04:34'),(157,8,'A','1. Fasilitas Dermaga','Bolder','Baik','Online','2026-06-16 22:04:34','2026-06-16 22:04:34'),(158,8,'A','1. Fasilitas Dermaga','Fender','Baik','Online','2026-06-16 22:04:34','2026-06-16 22:04:34'),(159,8,'A','2. Traffic Flow, Peralatan & Fasilitas Terminal Lainnya','Traffic Flow','Baik','Online','2026-06-16 22:04:34','2026-06-16 22:04:34'),(160,8,'A','2. Traffic Flow, Peralatan & Fasilitas Terminal Lainnya','Alat B/M Utama','Baik','Online','2026-06-16 22:04:34','2026-06-16 22:04:34'),(161,8,'A','2. Traffic Flow, Peralatan & Fasilitas Terminal Lainnya','Alat Pendukung','Baik','Online','2026-06-16 22:04:34','2026-06-16 22:04:34'),(162,8,'A','2. Traffic Flow, Peralatan & Fasilitas Terminal Lainnya','Gudang','Baik','Online','2026-06-16 22:04:34','2026-06-16 22:04:34'),(163,8,'A','2. Traffic Flow, Peralatan & Fasilitas Terminal Lainnya','Lapangan Penumpukan','Baik','Online','2026-06-16 22:04:34','2026-06-16 22:04:34'),(164,8,'A','2. Traffic Flow, Peralatan & Fasilitas Terminal Lainnya','Gate & Jembatan Timbangan','Baik','Online','2026-06-16 22:04:34','2026-06-16 22:04:34'),(165,8,'A','2. Traffic Flow, Peralatan & Fasilitas Terminal Lainnya','Control Room','Baik','Online','2026-06-16 22:04:34','2026-06-16 22:04:34'),(166,8,'A','2. Traffic Flow, Peralatan & Fasilitas Terminal Lainnya','CCTV','Baik','Online','2026-06-16 22:04:34','2026-06-16 22:04:34'),(167,8,'B','1. Kesiapan SDM','SDM Operasi','Kurang','Online','2026-06-16 22:04:34','2026-06-16 22:04:34'),(168,8,'B','1. Kesiapan SDM','Pengamanan','Kurang','Online','2026-06-16 22:04:34','2026-06-16 22:04:34'),(169,8,'B','1. Kesiapan SDM','TKBM','Kurang','Online','2026-06-16 22:04:34','2026-06-16 22:04:34'),(170,8,'B','2. Operasional Bongkar/Muat','Kapal yang berkegiatan','Baik','Online','2026-06-16 22:04:34','2026-06-16 22:04:34'),(171,8,'B','2. Operasional Bongkar/Muat','Antrian Kapal, Kepadatan Gudang & Lapangan Penumpukan','Baik','Online','2026-06-16 22:04:34','2026-06-16 22:04:34'),(172,8,'C','1. Pengelolaan HSSE','Incident','Tidak Ada','Online','2026-06-16 22:04:34','2026-06-16 22:04:34'),(173,8,'C','1. Pengelolaan HSSE','Unsafe Action','Ada','Online','2026-06-16 22:04:34','2026-06-16 22:04:34'),(174,8,'C','1. Pengelolaan HSSE','Unsafe Condition','Ada','Online','2026-06-16 22:04:34','2026-06-16 22:04:34'),(175,8,'C','2. Kelengkapan Fasilitas HSSE','Kelengkapan Fasilitas HSSE','Tdk Lengkap','Online','2026-06-16 22:04:34','2026-06-16 22:04:34'),(176,8,'C','3. Fit to Work','Fit to Work','Baik','Online','2026-06-16 22:04:34','2026-06-16 22:04:34'),(177,8,'D','None','Penyelesaian Komplain','Kurang',NULL,'2026-06-16 22:04:34','2026-06-16 22:07:33'),(178,8,'D','None','Penyelesaian Komplain',NULL,'Online','2026-06-16 22:04:34','2026-06-16 22:07:33'),(179,8,'D','None','Komunikasi Publik dan Media Handling','Baik',NULL,'2026-06-16 22:04:34','2026-06-16 22:07:33'),(180,8,'D','None','Komunikasi Publik dan Media Handling',NULL,'Online','2026-06-16 22:04:34','2026-06-16 22:07:33'),(181,8,'D','None','Komunikasi dengan Stakeholder Terkait','Baik',NULL,'2026-06-16 22:04:34','2026-06-16 22:07:33'),(182,8,'D','None','Komunikasi dengan Stakeholder Terkait',NULL,'Online','2026-06-16 22:04:34','2026-06-16 22:07:33'),(183,8,'E','None','Tidak terdapat indikasi praktik tipping, pungutan liar, penyuapan, fraud, atau pemberian gratifikasi kepada petugas serta tidak terdapat percepatan layanan tidak resmi di luar prosedur yang berlaku.','Ada',NULL,'2026-06-16 22:04:34','2026-06-16 22:07:33'),(184,8,'E','None','Tidak terdapat indikasi praktik tipping, pungutan liar, penyuapan, fraud, atau pemberian gratifikasi kepada petugas serta tidak terdapat percepatan layanan tidak resmi di luar prosedur yang berlaku.',NULL,'Online','2026-06-16 22:04:34','2026-06-16 22:07:33'),(185,8,'F. RESUME','Resume','Evaluasi Kondisi Fasilitas yang dipersyaratkan dibandingkan dengan kondisi eksiting (termasuk posko)','wssda',NULL,'2026-06-16 22:04:34','2026-06-16 22:04:34'),(186,8,'F. RESUME','Resume','Evaluasi terhadap operasional realisasi arus kapal dan penumpang serta penerapan HSSE','adaadd',NULL,'2026-06-16 22:04:34','2026-06-16 22:04:34'),(187,8,'F. RESUME','Resume','Evaluasi Komplain dan media handling','sdasdasss',NULL,'2026-06-16 22:04:34','2026-06-16 22:04:34'),(188,8,'F. RESUME','Resume','Isu yang Memerlukan Perhatian Manajemen','dadsasda',NULL,'2026-06-16 22:04:34','2026-06-16 22:04:34'),(189,9,'A','1. Fasilitas Dermaga','Dermaga','Baik','Online','2026-06-17 17:27:05','2026-06-17 17:27:05'),(190,9,'A','1. Fasilitas Dermaga','Bolder','Baik','Online','2026-06-17 17:27:05','2026-06-17 17:27:05'),(191,9,'A','1. Fasilitas Dermaga','Fender','Kurang','Online','2026-06-17 17:27:05','2026-06-17 17:27:05'),(192,9,'A','2. Traffic Flow, Peralatan & Fasilitas Terminal Lainnya','Traffic Flow','Kurang','Online','2026-06-17 17:27:05','2026-06-17 17:27:05'),(193,9,'A','2. Traffic Flow, Peralatan & Fasilitas Terminal Lainnya','Alat B/M Utama','Kurang','Online','2026-06-17 17:27:05','2026-06-17 17:27:05'),(194,9,'A','2. Traffic Flow, Peralatan & Fasilitas Terminal Lainnya','Alat Pendukung','Baik','Online','2026-06-17 17:27:05','2026-06-17 17:27:05'),(195,9,'A','2. Traffic Flow, Peralatan & Fasilitas Terminal Lainnya','Gudang','Baik','Online','2026-06-17 17:27:05','2026-06-17 17:27:05'),(196,9,'A','2. Traffic Flow, Peralatan & Fasilitas Terminal Lainnya','Lapangan Penumpukan','Baik','Online','2026-06-17 17:27:05','2026-06-17 17:27:05'),(197,9,'A','2. Traffic Flow, Peralatan & Fasilitas Terminal Lainnya','Gate & Jembatan Timbangan','Kurang','Online','2026-06-17 17:27:05','2026-06-17 17:27:05'),(198,9,'A','2. Traffic Flow, Peralatan & Fasilitas Terminal Lainnya','Control Room','Baik','Online','2026-06-17 17:27:05','2026-06-17 17:27:05'),(199,9,'A','2. Traffic Flow, Peralatan & Fasilitas Terminal Lainnya','CCTV','Baik','Site Visit','2026-06-17 17:27:05','2026-06-17 17:27:05'),(200,9,'B','1. Kesiapan SDM','SDM Operasi','Baik','Online','2026-06-17 17:27:05','2026-06-17 17:27:05'),(201,9,'B','1. Kesiapan SDM','Pengamanan','Baik','Site Visit','2026-06-17 17:27:05','2026-06-17 17:27:05'),(202,9,'B','1. Kesiapan SDM','TKBM','Kurang','Online','2026-06-17 17:27:05','2026-06-17 17:27:05'),(203,9,'B','2. Operasional Bongkar/Muat','Kapal yang berkegiatan','Baik','Online','2026-06-17 17:27:05','2026-06-17 17:27:05'),(204,9,'B','2. Operasional Bongkar/Muat','Antrian Kapal, Kepadatan Gudang & Lapangan Penumpukan','Baik','Online','2026-06-17 17:27:05','2026-06-17 17:27:05'),(205,9,'C','1. Pengelolaan HSSE','Incident','Ada','Online','2026-06-17 17:27:05','2026-06-17 17:27:05'),(206,9,'C','1. Pengelolaan HSSE','Unsafe Action','Ada','Online','2026-06-17 17:27:05','2026-06-17 17:27:05'),(207,9,'C','1. Pengelolaan HSSE','Unsafe Condition','Ada','Online','2026-06-17 17:27:05','2026-06-17 17:27:05'),(208,9,'C','2. Kelengkapan Fasilitas HSSE','Kelengkapan Fasilitas HSSE','Tdk Lengkap','Site Visit','2026-06-17 17:27:05','2026-06-17 17:27:05'),(209,9,'C','3. Fit to Work','Fit to Work','Baik','Online','2026-06-17 17:27:05','2026-06-17 17:27:05'),(210,9,'D','None','Penyelesaian Komplain','Baik','Online','2026-06-17 17:27:05','2026-06-17 17:27:05'),(211,9,'D','None','Komunikasi Publik dan Media Handling','Kurang','Site Visit','2026-06-17 17:27:05','2026-06-17 17:27:05'),(212,9,'D','None','Komunikasi dengan Stakeholder Terkait','Kurang','Online','2026-06-17 17:27:05','2026-06-17 17:27:05'),(213,9,'E','None','Tidak terdapat indikasi praktik tipping, pungutan liar, penyuapan, fraud, atau pemberian gratifikasi kepada petugas serta tidak terdapat percepatan layanan tidak resmi di luar prosedur yang berlaku.','Tidak Ada','Site Visit','2026-06-17 17:27:05','2026-06-17 17:27:05'),(214,9,'F. RESUME','Resume','Evaluasi Kondisi Fasilitas yang dipersyaratkan dibandingkan dengan kondisi eksiting (termasuk posko)','dasa',NULL,'2026-06-17 17:27:05','2026-06-17 17:27:05'),(215,9,'F. RESUME','Resume','Evaluasi terhadap operasional realisasi arus kapal dan penumpang serta penerapan HSSE','daada',NULL,'2026-06-17 17:27:05','2026-06-17 17:27:05'),(216,9,'F. RESUME','Resume','Evaluasi Komplain dan media handling','dadaada',NULL,'2026-06-17 17:27:05','2026-06-17 17:27:05'),(217,9,'F. RESUME','Resume','Isu yang Memerlukan Perhatian Manajemen','prabowo',NULL,'2026-06-17 17:27:05','2026-06-17 17:27:05'),(218,10,'A','1. Fasilitas Dermaga','Dermaga','Baik','Site Visit','2026-06-17 18:22:49','2026-06-17 18:22:49'),(219,10,'A','1. Fasilitas Dermaga','Bolder','Baik','Site Visit','2026-06-17 18:22:49','2026-06-17 18:22:49'),(220,10,'A','1. Fasilitas Dermaga','Fender','Baik','Site Visit','2026-06-17 18:22:49','2026-06-17 18:22:49'),(221,10,'A','2. Traffic Flow, Peralatan & Fasilitas Terminal Lainnya','Traffic Flow','Baik','Site Visit','2026-06-17 18:22:49','2026-06-17 18:22:49'),(222,10,'A','2. Traffic Flow, Peralatan & Fasilitas Terminal Lainnya','Alat B/M Utama','Baik','Site Visit','2026-06-17 18:22:49','2026-06-17 18:22:49'),(223,10,'A','2. Traffic Flow, Peralatan & Fasilitas Terminal Lainnya','Alat Pendukung','Baik','Site Visit','2026-06-17 18:22:49','2026-06-17 18:22:49'),(224,10,'A','2. Traffic Flow, Peralatan & Fasilitas Terminal Lainnya','Gudang','Baik','Site Visit','2026-06-17 18:22:49','2026-06-17 18:22:49'),(225,10,'A','2. Traffic Flow, Peralatan & Fasilitas Terminal Lainnya','Lapangan Penumpukan','Baik','Site Visit','2026-06-17 18:22:49','2026-06-17 18:22:49'),(226,10,'A','2. Traffic Flow, Peralatan & Fasilitas Terminal Lainnya','Gate & Jembatan Timbangan','Kurang','Online','2026-06-17 18:22:49','2026-06-17 18:22:49'),(227,10,'A','2. Traffic Flow, Peralatan & Fasilitas Terminal Lainnya','Control Room','Baik','Site Visit','2026-06-17 18:22:49','2026-06-17 18:22:49'),(228,10,'A','2. Traffic Flow, Peralatan & Fasilitas Terminal Lainnya','CCTV','Baik','Site Visit','2026-06-17 18:22:49','2026-06-17 18:22:49'),(229,10,'B','1. Kesiapan SDM','SDM Operasi','Baik','Site Visit','2026-06-17 18:22:49','2026-06-17 18:22:49'),(230,10,'B','1. Kesiapan SDM','Pengamanan','Baik','Site Visit','2026-06-17 18:22:49','2026-06-17 18:22:49'),(231,10,'B','1. Kesiapan SDM','TKBM','Baik','Site Visit','2026-06-17 18:22:49','2026-06-17 18:22:49'),(232,10,'B','2. Operasional Bongkar/Muat','Kapal yang berkegiatan','Baik','Site Visit','2026-06-17 18:22:49','2026-06-17 18:22:49'),(233,10,'B','2. Operasional Bongkar/Muat','Antrian Kapal, Kepadatan Gudang & Lapangan Penumpukan','Baik','Site Visit','2026-06-17 18:22:49','2026-06-17 18:22:49'),(234,10,'C','1. Pengelolaan HSSE','Incident','Ada','Site Visit','2026-06-17 18:22:49','2026-06-17 18:22:49'),(235,10,'C','1. Pengelolaan HSSE','Unsafe Action','Ada','Site Visit','2026-06-17 18:22:49','2026-06-17 18:22:49'),(236,10,'C','1. Pengelolaan HSSE','Unsafe Condition','Ada','Site Visit','2026-06-17 18:22:49','2026-06-17 18:22:49'),(237,10,'C','2. Kelengkapan Fasilitas HSSE','Kelengkapan Fasilitas HSSE','Lengkap','Site Visit','2026-06-17 18:22:49','2026-06-17 18:22:49'),(238,10,'C','3. Fit to Work','Fit to Work','Baik','Site Visit','2026-06-17 18:22:49','2026-06-17 18:22:49'),(239,10,'D','None','Penyelesaian Komplain','Baik','Site Visit','2026-06-17 18:22:49','2026-06-17 18:22:49'),(240,10,'D','None','Komunikasi Publik dan Media Handling','Baik','Site Visit','2026-06-17 18:22:49','2026-06-17 18:22:49'),(241,10,'D','None','Komunikasi dengan Stakeholder Terkait','Baik','Site Visit','2026-06-17 18:22:49','2026-06-17 18:22:49'),(242,10,'E','None','Tidak terdapat indikasi praktik tipping, pungutan liar, penyuapan, fraud, atau pemberian gratifikasi kepada petugas serta tidak terdapat percepatan layanan tidak resmi di luar prosedur yang berlaku.','Ada','Site Visit','2026-06-17 18:22:49','2026-06-17 18:22:49'),(243,10,'RESUME','Resume','Evaluasi Kondisi Fasilitas yang dipersyaratkan dibandingkan dengan kondisi eksiting (termasuk posko)','asdAs',NULL,'2026-06-17 18:22:49','2026-06-17 18:22:49'),(244,10,'RESUME','Resume','Evaluasi terhadap operasional realisasi arus kapal dan penumpang serta penerapan HSSE','asdadad',NULL,'2026-06-17 18:22:49','2026-06-17 18:22:49'),(245,10,'RESUME','Resume','Evaluasi Komplain dan media handling','asdASDAD',NULL,'2026-06-17 18:22:49','2026-06-17 18:22:49'),(246,10,'RESUME','Resume','Isu yang Memerlukan Perhatian Manajemen','AWDASDAD',NULL,'2026-06-17 18:22:49','2026-06-17 18:22:49'),(247,11,'A','1. Fasilitas Dermaga','Dermaga','Baik','Site Visit','2026-06-17 18:28:30','2026-06-17 18:28:30'),(248,11,'A','1. Fasilitas Dermaga','Bolder','Baik','Site Visit','2026-06-17 18:28:30','2026-06-17 18:28:30'),(249,11,'A','1. Fasilitas Dermaga','Fender','Baik','Site Visit','2026-06-17 18:28:30','2026-06-17 18:28:30'),(250,11,'A','2. Traffic Flow, Peralatan & Fasilitas Terminal Lainnya','Traffic Flow','Kurang','Site Visit','2026-06-17 18:28:30','2026-06-17 18:28:30'),(251,11,'A','2. Traffic Flow, Peralatan & Fasilitas Terminal Lainnya','Alat B/M Utama','Baik','Site Visit','2026-06-17 18:28:30','2026-06-17 18:28:30'),(252,11,'A','2. Traffic Flow, Peralatan & Fasilitas Terminal Lainnya','Alat Pendukung','Kurang','Site Visit','2026-06-17 18:28:30','2026-06-17 18:28:30'),(253,11,'A','2. Traffic Flow, Peralatan & Fasilitas Terminal Lainnya','Gudang','Baik','Site Visit','2026-06-17 18:28:30','2026-06-17 18:28:30'),(254,11,'A','2. Traffic Flow, Peralatan & Fasilitas Terminal Lainnya','Lapangan Penumpukan','Baik','Site Visit','2026-06-17 18:28:30','2026-06-17 18:28:30'),(255,11,'A','2. Traffic Flow, Peralatan & Fasilitas Terminal Lainnya','Gate & Jembatan Timbangan','Baik','Site Visit','2026-06-17 18:28:30','2026-06-17 18:28:30'),(256,11,'A','2. Traffic Flow, Peralatan & Fasilitas Terminal Lainnya','Control Room','Baik','Site Visit','2026-06-17 18:28:30','2026-06-17 18:28:30'),(257,11,'A','2. Traffic Flow, Peralatan & Fasilitas Terminal Lainnya','CCTV','Baik','Site Visit','2026-06-17 18:28:30','2026-06-17 18:28:30'),(258,11,'B','1. Kesiapan SDM','SDM Operasi','Baik','Site Visit','2026-06-17 18:28:30','2026-06-17 18:28:30'),(259,11,'B','1. Kesiapan SDM','Pengamanan','Baik','Site Visit','2026-06-17 18:28:30','2026-06-17 18:28:30'),(260,11,'B','1. Kesiapan SDM','TKBM','Baik','Site Visit','2026-06-17 18:28:30','2026-06-17 18:28:30'),(261,11,'B','2. Operasional Bongkar/Muat','Kapal yang berkegiatan','Baik','Site Visit','2026-06-17 18:28:30','2026-06-17 18:28:30'),(262,11,'B','2. Operasional Bongkar/Muat','Antrian Kapal, Kepadatan Gudang & Lapangan Penumpukan','Baik','Site Visit','2026-06-17 18:28:30','2026-06-17 18:28:30'),(263,11,'C','1. Pengelolaan HSSE','Incident','Ada','Site Visit','2026-06-17 18:28:30','2026-06-17 18:28:30'),(264,11,'C','1. Pengelolaan HSSE','Unsafe Action','Ada','Site Visit','2026-06-17 18:28:30','2026-06-17 18:28:30'),(265,11,'C','1. Pengelolaan HSSE','Unsafe Condition','Ada','Site Visit','2026-06-17 18:28:30','2026-06-17 18:28:30'),(266,11,'C','2. Kelengkapan Fasilitas HSSE','Kelengkapan Fasilitas HSSE','Lengkap','Site Visit','2026-06-17 18:28:30','2026-06-17 18:28:30'),(267,11,'C','3. Fit to Work','Fit to Work','Baik','Site Visit','2026-06-17 18:28:30','2026-06-17 18:28:30'),(268,11,'D','None','Penyelesaian Komplain','Baik','Site Visit','2026-06-17 18:28:30','2026-06-17 18:28:30'),(269,11,'D','None','Komunikasi Publik dan Media Handling','Baik','Site Visit','2026-06-17 18:28:30','2026-06-17 18:28:30'),(270,11,'D','None','Komunikasi dengan Stakeholder Terkait','Baik','Site Visit','2026-06-17 18:28:30','2026-06-17 18:28:30'),(271,11,'E','None','Tidak terdapat indikasi praktik tipping, pungutan liar, penyuapan, fraud, atau pemberian gratifikasi kepada petugas serta tidak terdapat percepatan layanan tidak resmi di luar prosedur yang berlaku.','Ada','Site Visit','2026-06-17 18:28:30','2026-06-17 18:28:30'),(272,11,'RESUME','Resume','Evaluasi Kondisi Fasilitas yang dipersyaratkan dibandingkan dengan kondisi eksiting (termasuk posko)','asdad',NULL,'2026-06-17 18:28:30','2026-06-17 18:28:30'),(273,11,'RESUME','Resume','Evaluasi terhadap operasional realisasi arus kapal dan penumpang serta penerapan HSSE','asdasd',NULL,'2026-06-17 18:28:30','2026-06-17 18:28:30'),(274,11,'RESUME','Resume','Evaluasi Komplain dan media handling','sadadadadad',NULL,'2026-06-17 18:28:30','2026-06-17 18:28:30'),(275,11,'RESUME','Resume','Isu yang Memerlukan Perhatian Manajemen','adsadadadadasd',NULL,'2026-06-17 18:28:30','2026-06-17 18:28:30'),(276,12,'A','1. Fasilitas Dermaga','Dermaga','Baik','Site Visit','2026-06-17 18:36:31','2026-06-17 18:36:31'),(277,12,'A','1. Fasilitas Dermaga','Bolder','Baik','Site Visit','2026-06-17 18:36:31','2026-06-17 18:36:31'),(278,12,'A','1. Fasilitas Dermaga','Fender','Baik','Site Visit','2026-06-17 18:36:31','2026-06-17 18:36:31'),(279,12,'A','2. Traffic Flow, Peralatan & Fasilitas Terminal Lainnya','Traffic Flow','Baik','Site Visit','2026-06-17 18:36:31','2026-06-17 18:36:31'),(280,12,'A','2. Traffic Flow, Peralatan & Fasilitas Terminal Lainnya','Alat B/M Utama','Baik','Site Visit','2026-06-17 18:36:31','2026-06-17 18:36:31'),(281,12,'A','2. Traffic Flow, Peralatan & Fasilitas Terminal Lainnya','Alat Pendukung','Baik','Site Visit','2026-06-17 18:36:31','2026-06-17 18:36:31'),(282,12,'A','2. Traffic Flow, Peralatan & Fasilitas Terminal Lainnya','Gudang','Baik','Site Visit','2026-06-17 18:36:31','2026-06-17 18:36:31'),(283,12,'A','2. Traffic Flow, Peralatan & Fasilitas Terminal Lainnya','Lapangan Penumpukan','Baik','Site Visit','2026-06-17 18:36:31','2026-06-17 18:36:31'),(284,12,'A','2. Traffic Flow, Peralatan & Fasilitas Terminal Lainnya','Gate & Jembatan Timbangan','Baik','Site Visit','2026-06-17 18:36:31','2026-06-17 18:36:31'),(285,12,'A','2. Traffic Flow, Peralatan & Fasilitas Terminal Lainnya','Control Room','Baik','Site Visit','2026-06-17 18:36:31','2026-06-17 18:36:31'),(286,12,'A','2. Traffic Flow, Peralatan & Fasilitas Terminal Lainnya','CCTV','Baik','Site Visit','2026-06-17 18:36:31','2026-06-17 18:36:31'),(287,12,'B','1. Kesiapan SDM','SDM Operasi','Baik','Site Visit','2026-06-17 18:36:31','2026-06-17 18:36:31'),(288,12,'B','1. Kesiapan SDM','Pengamanan','Baik','Site Visit','2026-06-17 18:36:31','2026-06-17 18:36:31'),(289,12,'B','1. Kesiapan SDM','TKBM','Baik','Site Visit','2026-06-17 18:36:31','2026-06-17 18:36:31'),(290,12,'B','2. Operasional Bongkar/Muat','Kapal yang berkegiatan','Baik','Site Visit','2026-06-17 18:36:31','2026-06-17 18:36:31'),(291,12,'B','2. Operasional Bongkar/Muat','Antrian Kapal, Kepadatan Gudang & Lapangan Penumpukan','Baik','Site Visit','2026-06-17 18:36:31','2026-06-17 18:36:31'),(292,12,'C','1. Pengelolaan HSSE','Incident','Ada','Site Visit','2026-06-17 18:36:31','2026-06-17 18:36:31'),(293,12,'C','1. Pengelolaan HSSE','Unsafe Action','Ada','Site Visit','2026-06-17 18:36:31','2026-06-17 18:36:31'),(294,12,'C','1. Pengelolaan HSSE','Unsafe Condition','Tidak Ada','Site Visit','2026-06-17 18:36:31','2026-06-17 18:36:31'),(295,12,'C','2. Kelengkapan Fasilitas HSSE','Kelengkapan Fasilitas HSSE','Lengkap','Site Visit','2026-06-17 18:36:31','2026-06-17 18:36:31'),(296,12,'C','3. Fit to Work','Fit to Work','Baik','Site Visit','2026-06-17 18:36:31','2026-06-17 18:36:31'),(297,12,'D','None','Penyelesaian Komplain','Baik','Site Visit','2026-06-17 18:36:31','2026-06-17 18:36:31'),(298,12,'D','None','Komunikasi Publik dan Media Handling','Baik','Site Visit','2026-06-17 18:36:31','2026-06-17 18:36:31'),(299,12,'D','None','Komunikasi dengan Stakeholder Terkait','Baik','Site Visit','2026-06-17 18:36:31','2026-06-17 18:36:31'),(300,12,'E','None','Tidak terdapat indikasi praktik tipping, pungutan liar, penyuapan, fraud, atau pemberian gratifikasi kepada petugas serta tidak terdapat percepatan layanan tidak resmi di luar prosedur yang berlaku.','Ada','Site Visit','2026-06-17 18:36:31','2026-06-17 18:36:31'),(301,12,'RESUME','Resume','Evaluasi Kondisi Fasilitas yang dipersyaratkan dibandingkan dengan kondisi eksiting (termasuk posko)','dad',NULL,'2026-06-17 18:36:31','2026-06-17 18:36:31'),(302,12,'RESUME','Resume','Evaluasi terhadap operasional realisasi arus kapal dan penumpang serta penerapan HSSE','dadd',NULL,'2026-06-17 18:36:31','2026-06-17 18:36:31'),(303,12,'RESUME','Resume','Evaluasi Komplain dan media handling','aasdasd',NULL,'2026-06-17 18:36:31','2026-06-17 18:36:31'),(304,12,'RESUME','Resume','Isu yang Memerlukan Perhatian Manajemen','daddadasddadsad',NULL,'2026-06-17 18:36:31','2026-06-17 18:36:31'),(305,13,'A','1. Fasilitas Dermaga','Dermaga','Baik','Site Visit','2026-06-17 18:46:27','2026-06-17 18:46:27'),(306,13,'A','1. Fasilitas Dermaga','Bolder','Baik','Site Visit','2026-06-17 18:46:27','2026-06-17 18:46:27'),(307,13,'A','1. Fasilitas Dermaga','Fender','Baik','Site Visit','2026-06-17 18:46:27','2026-06-17 18:46:27'),(308,13,'A','2. Traffic Flow, Peralatan & Fasilitas Terminal Lainnya','Traffic Flow','Baik','Site Visit','2026-06-17 18:46:27','2026-06-17 18:46:27'),(309,13,'A','2. Traffic Flow, Peralatan & Fasilitas Terminal Lainnya','Alat B/M Utama','Baik','Site Visit','2026-06-17 18:46:27','2026-06-17 18:46:27'),(310,13,'A','2. Traffic Flow, Peralatan & Fasilitas Terminal Lainnya','Alat Pendukung','Baik','Site Visit','2026-06-17 18:46:27','2026-06-17 18:46:27'),(311,13,'A','2. Traffic Flow, Peralatan & Fasilitas Terminal Lainnya','Gudang','Baik','Site Visit','2026-06-17 18:46:27','2026-06-17 18:46:27'),(312,13,'A','2. Traffic Flow, Peralatan & Fasilitas Terminal Lainnya','Lapangan Penumpukan','Baik','Site Visit','2026-06-17 18:46:27','2026-06-17 18:46:27'),(313,13,'A','2. Traffic Flow, Peralatan & Fasilitas Terminal Lainnya','Gate & Jembatan Timbangan','Baik','Site Visit','2026-06-17 18:46:27','2026-06-17 18:46:27'),(314,13,'A','2. Traffic Flow, Peralatan & Fasilitas Terminal Lainnya','Control Room','Baik','Online','2026-06-17 18:46:27','2026-06-17 18:46:27'),(315,13,'A','2. Traffic Flow, Peralatan & Fasilitas Terminal Lainnya','CCTV','Baik','Site Visit','2026-06-17 18:46:27','2026-06-17 18:46:27'),(316,13,'B','1. Kesiapan SDM','SDM Operasi','Baik','Site Visit','2026-06-17 18:46:27','2026-06-17 18:46:27'),(317,13,'B','1. Kesiapan SDM','Pengamanan','Baik','Site Visit','2026-06-17 18:46:27','2026-06-17 18:46:27'),(318,13,'B','1. Kesiapan SDM','TKBM','Baik','Site Visit','2026-06-17 18:46:27','2026-06-17 18:46:27'),(319,13,'B','2. Operasional Bongkar/Muat','Kapal yang berkegiatan','Baik','Site Visit','2026-06-17 18:46:27','2026-06-17 18:46:27'),(320,13,'B','2. Operasional Bongkar/Muat','Antrian Kapal, Kepadatan Gudang & Lapangan Penumpukan','Baik','Site Visit','2026-06-17 18:46:27','2026-06-17 18:46:27'),(321,13,'C','1. Pengelolaan HSSE','Incident','Ada','Site Visit','2026-06-17 18:46:27','2026-06-17 18:46:27'),(322,13,'C','1. Pengelolaan HSSE','Unsafe Action','Ada','Site Visit','2026-06-17 18:46:27','2026-06-17 18:46:27'),(323,13,'C','1. Pengelolaan HSSE','Unsafe Condition','Ada','Site Visit','2026-06-17 18:46:27','2026-06-17 18:46:27'),(324,13,'C','2. Kelengkapan Fasilitas HSSE','Kelengkapan Fasilitas HSSE','Lengkap','Site Visit','2026-06-17 18:46:27','2026-06-17 18:46:27'),(325,13,'C','3. Fit to Work','Fit to Work','Baik','Site Visit','2026-06-17 18:46:27','2026-06-17 18:46:27'),(326,13,'D','None','Penyelesaian Komplain','Baik','Site Visit','2026-06-17 18:46:27','2026-06-17 18:46:27'),(327,13,'D','None','Komunikasi Publik dan Media Handling','Baik','Site Visit','2026-06-17 18:46:27','2026-06-17 18:46:27'),(328,13,'D','None','Komunikasi dengan Stakeholder Terkait','Baik','Site Visit','2026-06-17 18:46:27','2026-06-17 18:46:27'),(329,13,'E','None','Tidak terdapat indikasi praktik tipping, pungutan liar, penyuapan, fraud, atau pemberian gratifikasi kepada petugas serta tidak terdapat percepatan layanan tidak resmi di luar prosedur yang berlaku.','Ada','Site Visit','2026-06-17 18:46:27','2026-06-17 18:46:27'),(330,13,'RESUME','Resume','Evaluasi Kondisi Fasilitas yang dipersyaratkan dibandingkan dengan kondisi eksiting (termasuk posko)','asdasd',NULL,'2026-06-17 18:46:27','2026-06-17 18:46:27'),(331,13,'RESUME','Resume','Evaluasi terhadap operasional realisasi arus kapal dan penumpang serta penerapan HSSE','adadsaaas',NULL,'2026-06-17 18:46:27','2026-06-17 18:46:27'),(332,13,'RESUME','Resume','Evaluasi Komplain dan media handling','dadddadad',NULL,'2026-06-17 18:46:27','2026-06-17 18:46:27'),(333,13,'RESUME','Resume','Isu yang Memerlukan Perhatian Manajemen','aqwertyuiop[]\\',NULL,'2026-06-17 18:46:27','2026-06-17 18:46:27'),(334,14,'A','1. Fasilitas Dermaga','Dermaga','Baik','Site Visit','2026-06-17 18:51:31','2026-06-17 18:51:31'),(335,14,'A','1. Fasilitas Dermaga','Bolder','Baik','Site Visit','2026-06-17 18:51:31','2026-06-17 18:51:31'),(336,14,'A','1. Fasilitas Dermaga','Fender','Baik','Site Visit','2026-06-17 18:51:31','2026-06-17 18:51:31'),(337,14,'A','2. Traffic Flow, Peralatan & Fasilitas Terminal Lainnya','Traffic Flow','Baik','Site Visit','2026-06-17 18:51:31','2026-06-17 18:51:31'),(338,14,'A','2. Traffic Flow, Peralatan & Fasilitas Terminal Lainnya','Alat B/M Utama','Baik','Site Visit','2026-06-17 18:51:31','2026-06-17 18:51:31'),(339,14,'A','2. Traffic Flow, Peralatan & Fasilitas Terminal Lainnya','Alat Pendukung','Baik','Site Visit','2026-06-17 18:51:31','2026-06-17 18:51:31'),(340,14,'A','2. Traffic Flow, Peralatan & Fasilitas Terminal Lainnya','Gudang','Baik','Site Visit','2026-06-17 18:51:31','2026-06-17 18:51:31'),(341,14,'A','2. Traffic Flow, Peralatan & Fasilitas Terminal Lainnya','Lapangan Penumpukan','Baik','Site Visit','2026-06-17 18:51:31','2026-06-17 18:51:31'),(342,14,'A','2. Traffic Flow, Peralatan & Fasilitas Terminal Lainnya','Gate & Jembatan Timbangan','Baik','Site Visit','2026-06-17 18:51:31','2026-06-17 18:51:31'),(343,14,'A','2. Traffic Flow, Peralatan & Fasilitas Terminal Lainnya','Control Room','Baik','Site Visit','2026-06-17 18:51:31','2026-06-17 18:51:31'),(344,14,'A','2. Traffic Flow, Peralatan & Fasilitas Terminal Lainnya','CCTV','Baik','Site Visit','2026-06-17 18:51:31','2026-06-17 18:51:31'),(345,14,'B','1. Kesiapan SDM','SDM Operasi','Baik','Site Visit','2026-06-17 18:51:31','2026-06-17 18:51:31'),(346,14,'B','1. Kesiapan SDM','Pengamanan','Baik','Site Visit','2026-06-17 18:51:31','2026-06-17 18:51:31'),(347,14,'B','1. Kesiapan SDM','TKBM','Baik','Site Visit','2026-06-17 18:51:31','2026-06-17 18:51:31'),(348,14,'B','2. Operasional Bongkar/Muat','Kapal yang berkegiatan','Baik','Site Visit','2026-06-17 18:51:31','2026-06-17 18:51:31'),(349,14,'B','2. Operasional Bongkar/Muat','Antrian Kapal, Kepadatan Gudang & Lapangan Penumpukan','Baik','Site Visit','2026-06-17 18:51:31','2026-06-17 18:51:31'),(350,14,'C','1. Pengelolaan HSSE','Incident','Ada','Online','2026-06-17 18:51:31','2026-06-17 18:51:31'),(351,14,'C','1. Pengelolaan HSSE','Unsafe Action','Ada','Online','2026-06-17 18:51:31','2026-06-17 18:51:31'),(352,14,'C','1. Pengelolaan HSSE','Unsafe Condition','Ada','Online','2026-06-17 18:51:31','2026-06-17 18:51:31'),(353,14,'C','2. Kelengkapan Fasilitas HSSE','Kelengkapan Fasilitas HSSE','Lengkap','Site Visit','2026-06-17 18:51:31','2026-06-17 18:51:31'),(354,14,'C','3. Fit to Work','Fit to Work','Baik','Site Visit','2026-06-17 18:51:31','2026-06-17 18:51:31'),(355,14,'D','None','Penyelesaian Komplain','Baik','Site Visit','2026-06-17 18:51:31','2026-06-17 18:51:31'),(356,14,'D','None','Komunikasi Publik dan Media Handling','Baik','Site Visit','2026-06-17 18:51:31','2026-06-17 18:51:31'),(357,14,'D','None','Komunikasi dengan Stakeholder Terkait','Baik','Site Visit','2026-06-17 18:51:31','2026-06-17 18:51:31'),(358,14,'E','None','Tidak terdapat indikasi praktik tipping, pungutan liar, penyuapan, fraud, atau pemberian gratifikasi kepada petugas serta tidak terdapat percepatan layanan tidak resmi di luar prosedur yang berlaku.','Ada','Site Visit','2026-06-17 18:51:31','2026-06-17 18:51:31'),(359,14,'RESUME','Resume','Evaluasi Kondisi Fasilitas yang dipersyaratkan dibandingkan dengan kondisi eksiting (termasuk posko)','asdf',NULL,'2026-06-17 18:51:31','2026-06-17 18:51:31'),(360,14,'RESUME','Resume','Evaluasi terhadap operasional realisasi arus kapal dan penumpang serta penerapan HSSE','ASDFG',NULL,'2026-06-17 18:51:31','2026-06-17 18:51:31'),(361,14,'RESUME','Resume','Evaluasi Komplain dan media handling','asdfgh',NULL,'2026-06-17 18:51:31','2026-06-17 18:51:31'),(362,14,'RESUME','Resume','Isu yang Memerlukan Perhatian Manajemen','tes pdf',NULL,'2026-06-17 18:51:31','2026-06-17 18:51:31'),(421,17,'A','1. Fasilitas Dermaga','Dermaga','Baik','Site Visit','2026-06-17 20:53:53','2026-06-17 20:53:53'),(422,17,'A','1. Fasilitas Dermaga','Bolder','Baik','Site Visit','2026-06-17 20:53:53','2026-06-17 20:53:53'),(423,17,'A','1. Fasilitas Dermaga','Fender','Baik','Site Visit','2026-06-17 20:53:53','2026-06-17 20:53:53'),(424,17,'A','2. Traffic Flow, Peralatan & Fasilitas Terminal Lainnya','Traffic Flow','Baik','Site Visit','2026-06-17 20:53:53','2026-06-17 20:53:53'),(425,17,'A','2. Traffic Flow, Peralatan & Fasilitas Terminal Lainnya','Alat B/M Utama','Baik','Site Visit','2026-06-17 20:53:53','2026-06-17 20:53:53'),(426,17,'A','2. Traffic Flow, Peralatan & Fasilitas Terminal Lainnya','Alat Pendukung','Baik','Site Visit','2026-06-17 20:53:53','2026-06-17 20:53:53'),(427,17,'A','2. Traffic Flow, Peralatan & Fasilitas Terminal Lainnya','Gudang','Baik','Site Visit','2026-06-17 20:53:53','2026-06-17 20:53:53'),(428,17,'A','2. Traffic Flow, Peralatan & Fasilitas Terminal Lainnya','Lapangan Penumpukan','Baik','Site Visit','2026-06-17 20:53:53','2026-06-17 20:53:53'),(429,17,'A','2. Traffic Flow, Peralatan & Fasilitas Terminal Lainnya','Gate & Jembatan Timbangan','Baik','Site Visit','2026-06-17 20:53:53','2026-06-17 20:53:53'),(430,17,'A','2. Traffic Flow, Peralatan & Fasilitas Terminal Lainnya','Control Room','Baik','Site Visit','2026-06-17 20:53:53','2026-06-17 20:53:53'),(431,17,'A','2. Traffic Flow, Peralatan & Fasilitas Terminal Lainnya','CCTV','Baik','Site Visit','2026-06-17 20:53:53','2026-06-17 20:53:53'),(432,17,'B','1. Kesiapan SDM','SDM Operasi','Baik','Site Visit','2026-06-17 20:53:53','2026-06-17 20:53:53'),(433,17,'B','1. Kesiapan SDM','Pengamanan','Baik','Site Visit','2026-06-17 20:53:53','2026-06-17 20:53:53'),(434,17,'B','1. Kesiapan SDM','TKBM','Baik','Site Visit','2026-06-17 20:53:53','2026-06-17 20:53:53'),(435,17,'B','2. Operasional Bongkar/Muat','Kapal yang berkegiatan','Baik','Site Visit','2026-06-17 20:53:53','2026-06-17 20:53:53'),(436,17,'B','2. Operasional Bongkar/Muat','Antrian Kapal, Kepadatan Gudang & Lapangan Penumpukan','Baik','Site Visit','2026-06-17 20:53:53','2026-06-17 20:53:53'),(437,17,'C','1. Pengelolaan HSSE','Incident','Ada','Site Visit','2026-06-17 20:53:53','2026-06-17 20:53:53'),(438,17,'C','1. Pengelolaan HSSE','Unsafe Action','Ada','Site Visit','2026-06-17 20:53:53','2026-06-17 20:53:53'),(439,17,'C','1. Pengelolaan HSSE','Unsafe Condition','Ada','Site Visit','2026-06-17 20:53:53','2026-06-17 20:53:53'),(440,17,'C','2. Kelengkapan Fasilitas HSSE','Kelengkapan Fasilitas HSSE','Lengkap','Site Visit','2026-06-17 20:53:53','2026-06-17 20:53:53'),(441,17,'C','3. Fit to Work','Fit to Work','Baik','Site Visit','2026-06-17 20:53:53','2026-06-17 20:53:53'),(442,17,'D','None','Penyelesaian Komplain','Baik','Site Visit','2026-06-17 20:53:53','2026-06-17 20:53:53'),(443,17,'D','None','Komunikasi Publik dan Media Handling','Baik','Site Visit','2026-06-17 20:53:53','2026-06-17 20:53:53'),(444,17,'D','None','Komunikasi dengan Stakeholder Terkait','Baik','Site Visit','2026-06-17 20:53:53','2026-06-17 20:53:53'),(445,17,'E','None','Tidak terdapat indikasi praktik tipping, pungutan liar, penyuapan, fraud, atau pemberian gratifikasi kepada petugas serta tidak terdapat percepatan layanan tidak resmi di luar prosedur yang berlaku.','Ada','Site Visit','2026-06-17 20:53:53','2026-06-17 20:53:53'),(446,17,'RESUME','Resume','Evaluasi Kondisi Fasilitas yang dipersyaratkan dibandingkan dengan kondisi eksiting (termasuk posko)','wdqdascvsdveva',NULL,'2026-06-17 20:53:53','2026-06-17 20:53:53'),(447,17,'RESUME','Resume','Evaluasi terhadap operasional realisasi arus kapal dan penumpang serta penerapan HSSE','asasasawsv',NULL,'2026-06-17 20:53:53','2026-06-17 20:53:53'),(448,17,'RESUME','Resume','Evaluasi Komplain dan media handling','vdsdfsvsdva',NULL,'2026-06-17 20:53:53','2026-06-17 20:53:53'),(449,17,'RESUME','Resume','Isu yang Memerlukan Perhatian Manajemen','wqqwddascasa',NULL,'2026-06-17 20:53:53','2026-06-17 20:53:53'),(450,18,'A','1. Fasilitas Dermaga','Dermaga','Baik','Site Visit','2026-06-17 21:49:50','2026-06-17 21:49:50'),(451,18,'A','1. Fasilitas Dermaga','Bolder','Baik','Site Visit','2026-06-17 21:49:50','2026-06-17 21:49:50'),(452,18,'A','1. Fasilitas Dermaga','Fender','Baik','Site Visit','2026-06-17 21:49:50','2026-06-17 21:49:50'),(453,18,'A','2. Traffic Flow, Peralatan & Fasilitas Terminal Lainnya','Traffic Flow','Baik','Site Visit','2026-06-17 21:49:50','2026-06-17 21:49:50'),(454,18,'A','2. Traffic Flow, Peralatan & Fasilitas Terminal Lainnya','Alat B/M Utama','Baik','Site Visit','2026-06-17 21:49:50','2026-06-17 21:49:50'),(455,18,'A','2. Traffic Flow, Peralatan & Fasilitas Terminal Lainnya','Alat Pendukung','Baik','Site Visit','2026-06-17 21:49:50','2026-06-17 21:49:50'),(456,18,'A','2. Traffic Flow, Peralatan & Fasilitas Terminal Lainnya','Gudang','Baik','Site Visit','2026-06-17 21:49:50','2026-06-17 21:49:50'),(457,18,'A','2. Traffic Flow, Peralatan & Fasilitas Terminal Lainnya','Lapangan Penumpukan','Kurang','Site Visit','2026-06-17 21:49:50','2026-06-17 21:49:50'),(458,18,'A','2. Traffic Flow, Peralatan & Fasilitas Terminal Lainnya','Gate & Jembatan Timbangan','Kurang','Site Visit','2026-06-17 21:49:50','2026-06-17 21:49:50'),(459,18,'A','2. Traffic Flow, Peralatan & Fasilitas Terminal Lainnya','Control Room','Kurang','Site Visit','2026-06-17 21:49:50','2026-06-17 21:49:50'),(460,18,'A','2. Traffic Flow, Peralatan & Fasilitas Terminal Lainnya','CCTV','Kurang','Site Visit','2026-06-17 21:49:50','2026-06-17 21:49:50'),(461,18,'B','1. Kesiapan SDM','SDM Operasi','Baik','Site Visit','2026-06-17 21:49:50','2026-06-17 21:49:50'),(462,18,'B','1. Kesiapan SDM','Pengamanan','Baik','Site Visit','2026-06-17 21:49:50','2026-06-17 21:49:50'),(463,18,'B','1. Kesiapan SDM','TKBM','Baik','Site Visit','2026-06-17 21:49:50','2026-06-17 21:49:50'),(464,18,'B','2. Operasional Bongkar/Muat','Kapal yang berkegiatan','Baik','Site Visit','2026-06-17 21:49:50','2026-06-17 21:49:50'),(465,18,'B','2. Operasional Bongkar/Muat','Antrian Kapal, Kepadatan Gudang & Lapangan Penumpukan','Baik','Site Visit','2026-06-17 21:49:50','2026-06-17 21:49:50'),(466,18,'C','1. Pengelolaan HSSE','Incident','Tidak Ada','Site Visit','2026-06-17 21:49:50','2026-06-17 21:49:50'),(467,18,'C','1. Pengelolaan HSSE','Unsafe Action','Tidak Ada','Site Visit','2026-06-17 21:49:50','2026-06-17 21:49:50'),(468,18,'C','1. Pengelolaan HSSE','Unsafe Condition','Tidak Ada','Site Visit','2026-06-17 21:49:50','2026-06-17 21:49:50'),(469,18,'C','2. Kelengkapan Fasilitas HSSE','Kelengkapan Fasilitas HSSE','Lengkap','Site Visit','2026-06-17 21:49:50','2026-06-17 21:49:50'),(470,18,'C','3. Fit to Work','Fit to Work','Baik','Site Visit','2026-06-17 21:49:50','2026-06-17 21:49:50'),(471,18,'D','None','Penyelesaian Komplain','Baik','Site Visit','2026-06-17 21:49:50','2026-06-17 21:49:50'),(472,18,'D','None','Komunikasi Publik dan Media Handling','Baik','Site Visit','2026-06-17 21:49:50','2026-06-17 21:49:50'),(473,18,'D','None','Komunikasi dengan Stakeholder Terkait','Baik','Site Visit','2026-06-17 21:49:50','2026-06-17 21:49:50'),(474,18,'E','None','Tidak terdapat indikasi praktik tipping, pungutan liar, penyuapan, fraud, atau pemberian gratifikasi kepada petugas serta tidak terdapat percepatan layanan tidak resmi di luar prosedur yang berlaku.','Ada','Site Visit','2026-06-17 21:49:50','2026-06-17 21:49:50'),(475,18,'RESUME','Resume','Evaluasi Kondisi Fasilitas yang dipersyaratkan dibandingkan dengan kondisi eksiting (termasuk posko)','SEFE',NULL,'2026-06-17 21:49:50','2026-06-17 21:49:50'),(476,18,'RESUME','Resume','Evaluasi terhadap operasional realisasi arus kapal dan penumpang serta penerapan HSSE','FAFFA',NULL,'2026-06-17 21:49:50','2026-06-17 21:49:50'),(477,18,'RESUME','Resume','Evaluasi Komplain dan media handling','FDFAFFAFEFAGE',NULL,'2026-06-17 21:49:50','2026-06-17 21:49:50'),(478,18,'RESUME','Resume','Isu yang Memerlukan Perhatian Manajemen','RQEFASDDGASDGgfag',NULL,'2026-06-17 21:49:50','2026-06-17 21:49:50'),(479,19,'A','None','Alur dan kolam','Baik','Site Visit','2026-06-17 22:18:51','2026-06-17 22:18:51'),(480,19,'A','None','Fasilitas terminal dan lapangang','Baik','Site Visit','2026-06-17 22:18:51','2026-06-17 22:18:51'),(481,19,'A','None','Fasilitas dan kebersihan terminal penumpang','Baik','Site Visit','2026-06-17 22:18:51','2026-06-17 22:18:51'),(482,19,'A','None','Kecukupan sistem teknologi informasi dan digitalisasi','Baik','Site Visit','2026-06-17 22:18:51','2026-06-17 22:18:51'),(483,19,'A','None','Kesiapan rencana kontinjensi terhadap gangguan sistem dan lonjakan ekstrem aktivitas pelabuhan','Baik','Site Visit','2026-06-17 22:18:51','2026-06-17 22:18:51'),(484,19,'A','None','Kesiapan rencana kontinjensi terhadap gangguan cuaca buruk pada pelayanan penumpang','Baik','Site Visit','2026-06-17 22:18:51','2026-06-17 22:18:51'),(485,19,'B','None','Kesiapan dan keandalan peralatan bongkar muat','Baik','Site Visit','2026-06-17 22:18:51','2026-06-17 22:18:51'),(486,19,'B','None','Kesiapan SDM operasional','Baik','Site Visit','2026-06-17 22:18:51','2026-06-17 22:18:51'),(487,19,'B','None','Indikator Dwelling Time sebagai kontrol kinerja operasional dan tata kelola arus barang di dalam kawasan pelabuhan','Baik','Site Visit','2026-06-17 22:18:51','2026-06-17 22:18:51'),(488,19,'B','None','Indikator pelayanan operasional','Baik','Site Visit','2026-06-17 22:18:51','2026-06-17 22:18:51'),(489,19,'B','None','Aspek keamanan dan zero major incident dalam pelayanan operasional','Baik','Site Visit','2026-06-17 22:18:51','2026-06-17 22:18:51'),(490,19,'C','None','Kesiapan sarana pendukung serta kesiapan tenaga pandu dan awak kapal','Baik','Site Visit','2026-06-17 22:18:51','2026-06-17 22:18:51'),(491,19,'C','None','Aspek K3 dan keselamatan pelayaran','Baik','Site Visit','2026-06-17 22:18:51','2026-06-17 22:18:51'),(492,19,'C','None','Kesiapan rencana kontinjensi menghadapi cuaca ekstrem dan lonjakan trafik kapal','Baik','Site Visit','2026-06-17 22:18:51','2026-06-17 22:18:51'),(493,19,'D','None','Penyelelesaian komplain dari asosiasi dan pengguna jasa','Baik','Site Visit','2026-06-17 22:18:51','2026-06-17 22:18:51'),(494,19,'D','None','Mekanisme komunikasi publik dan media handling','Baik','Site Visit','2026-06-17 22:18:51','2026-06-17 22:18:51'),(495,19,'D','None','Mekanisme komunikasi dan koordinasi cabang pelabuhan dengan stakeholder strategis','Kurang','Site Visit','2026-06-17 22:18:51','2026-06-17 22:18:51'),(496,19,'RESUME','Resume','Evaluasi dan pemantauan proyeksi dibandingkan realisasi arus penumpang, kendaraan, dan barang','ad',NULL,'2026-06-17 22:18:51','2026-06-17 22:18:51'),(497,19,'RESUME','Resume','Evaluasi efektifitas dalam Posko Lebaran Terpadu bersama stakeholder terkait','adadaadad',NULL,'2026-06-17 22:18:51','2026-06-17 22:18:51'),(498,19,'RESUME','Resume','Evaluasi harian kinerja operasional melalui penyampaian daily dashboard report kepada Direksi','dawasd',NULL,'2026-06-17 22:18:51','2026-06-17 22:18:51'),(499,19,'RESUME','Resume','Catatan','adaa',NULL,'2026-06-17 22:18:51','2026-06-17 22:18:51'),(581,22,'A','None','Alur dan kolam','Kurang','Site Visit','2026-06-17 23:26:45','2026-06-17 23:26:45'),(582,22,'A','None','Fasilitas terminal dan lapangang','Kurang','Site Visit','2026-06-17 23:26:45','2026-06-17 23:26:45'),(583,22,'A','None','Fasilitas dan kebersihan terminal penumpang','Baik','Site Visit','2026-06-17 23:26:45','2026-06-17 23:26:45'),(584,22,'A','None','Kecukupan sistem teknologi informasi dan digitalisasi','Baik','Site Visit','2026-06-17 23:26:45','2026-06-17 23:26:45'),(585,22,'A','None','Kesiapan rencana kontinjensi terhadap gangguan sistem dan lonjakan ekstrem aktivitas pelabuhan','Baik','Site Visit','2026-06-17 23:26:45','2026-06-17 23:26:45'),(586,22,'A','None','Kesiapan rencana kontinjensi terhadap gangguan cuaca buruk pada pelayanan penumpang','Baik','Site Visit','2026-06-17 23:26:45','2026-06-17 23:26:45'),(587,22,'B','None','Kesiapan dan keandalan peralatan bongkar muat','Baik','Site Visit','2026-06-17 23:26:45','2026-06-17 23:26:45'),(588,22,'B','None','Kesiapan SDM operasional','Baik','Site Visit','2026-06-17 23:26:45','2026-06-17 23:26:45'),(589,22,'B','None','Indikator Dwelling Time sebagai kontrol kinerja operasional dan tata kelola arus barang di dalam kawasan pelabuhan','Baik','Site Visit','2026-06-17 23:26:45','2026-06-17 23:26:45'),(590,22,'B','None','Indikator pelayanan operasional','Kurang','Site Visit','2026-06-17 23:26:45','2026-06-17 23:26:45'),(591,22,'B','None','Aspek keamanan dan zero major incident dalam pelayanan operasional','Kurang','Site Visit','2026-06-17 23:26:45','2026-06-17 23:26:45'),(592,22,'C','None','Kesiapan sarana pendukung serta kesiapan tenaga pandu dan awak kapal','Baik','Site Visit','2026-06-17 23:26:45','2026-06-17 23:26:45'),(593,22,'C','None','Aspek K3 dan keselamatan pelayaran','Baik','Site Visit','2026-06-17 23:26:45','2026-06-17 23:26:45'),(594,22,'C','None','Kesiapan rencana kontinjensi menghadapi cuaca ekstrem dan lonjakan trafik kapal','Kurang','Site Visit','2026-06-17 23:26:45','2026-06-17 23:26:45'),(595,22,'D','None','Penyelelesaian komplain dari asosiasi dan pengguna jasa','Baik','Site Visit','2026-06-17 23:26:45','2026-06-17 23:26:45'),(596,22,'D','None','Mekanisme komunikasi publik dan media handling','Baik','Site Visit','2026-06-17 23:26:45','2026-06-17 23:26:45'),(597,22,'D','None','Mekanisme komunikasi dan koordinasi cabang pelabuhan dengan stakeholder strategis','Kurang','Site Visit','2026-06-17 23:26:45','2026-06-17 23:26:45'),(598,22,'RESUME','Resume','Evaluasi dan pemantauan proyeksi dibandingkan realisasi arus penumpang, kendaraan, dan barang','ssssss',NULL,'2026-06-17 23:26:45','2026-06-17 23:26:45'),(599,22,'RESUME','Resume','Evaluasi efektifitas dalam Posko Lebaran Terpadu bersama stakeholder terkait','sssss',NULL,'2026-06-17 23:26:45','2026-06-17 23:26:45'),(600,22,'RESUME','Resume','Evaluasi harian kinerja operasional melalui penyampaian daily dashboard report kepada Direksi','sssss',NULL,'2026-06-17 23:26:46','2026-06-17 23:26:46'),(601,22,'RESUME','Resume','Catatan','sssssss',NULL,'2026-06-17 23:26:46','2026-06-17 23:26:46'),(602,23,'A','None','Alur dan kolam','Baik','Site Visit','2026-06-18 00:03:10','2026-06-18 00:03:10'),(603,23,'A','None','Fasilitas terminal dan lapangang','Baik','Site Visit','2026-06-18 00:03:10','2026-06-18 00:03:10'),(604,23,'A','None','Fasilitas dan kebersihan terminal penumpang','Baik','Site Visit','2026-06-18 00:03:10','2026-06-18 00:03:10'),(605,23,'A','None','Kecukupan sistem teknologi informasi dan digitalisasi','Baik','Site Visit','2026-06-18 00:03:10','2026-06-18 00:03:10'),(606,23,'A','None','Kesiapan rencana kontinjensi terhadap gangguan sistem dan lonjakan ekstrem aktivitas pelabuhan','Kurang','Site Visit','2026-06-18 00:03:10','2026-06-18 00:03:10'),(607,23,'A','None','Kesiapan rencana kontinjensi terhadap gangguan cuaca buruk pada pelayanan penumpang','Kurang','Site Visit','2026-06-18 00:03:10','2026-06-18 00:03:10'),(608,23,'B','None','Kesiapan dan keandalan peralatan bongkar muat','Baik','Site Visit','2026-06-18 00:03:10','2026-06-18 00:03:10'),(609,23,'B','None','Kesiapan SDM operasional','Baik','Site Visit','2026-06-18 00:03:10','2026-06-18 00:03:10'),(610,23,'B','None','Indikator Dwelling Time sebagai kontrol kinerja operasional dan tata kelola arus barang di dalam kawasan pelabuhan','Baik','Site Visit','2026-06-18 00:03:10','2026-06-18 00:03:10'),(611,23,'B','None','Indikator pelayanan operasional','Kurang','Site Visit','2026-06-18 00:03:10','2026-06-18 00:03:10'),(612,23,'B','None','Aspek keamanan dan zero major incident dalam pelayanan operasional','Kurang','Site Visit','2026-06-18 00:03:10','2026-06-18 00:03:10'),(613,23,'C','None','Kesiapan sarana pendukung serta kesiapan tenaga pandu dan awak kapal','Baik','Site Visit','2026-06-18 00:03:10','2026-06-18 00:03:10'),(614,23,'C','None','Aspek K3 dan keselamatan pelayaran','Baik','Site Visit','2026-06-18 00:03:10','2026-06-18 00:03:10'),(615,23,'C','None','Kesiapan rencana kontinjensi menghadapi cuaca ekstrem dan lonjakan trafik kapal','Baik','Site Visit','2026-06-18 00:03:10','2026-06-18 00:03:10'),(616,23,'D','None','Penyelelesaian komplain dari asosiasi dan pengguna jasa','Kurang','Site Visit','2026-06-18 00:03:10','2026-06-18 00:03:10'),(617,23,'D','None','Mekanisme komunikasi publik dan media handling','Baik','Site Visit','2026-06-18 00:03:10','2026-06-18 00:03:10'),(618,23,'D','None','Mekanisme komunikasi dan koordinasi cabang pelabuhan dengan stakeholder strategis','Kurang','Site Visit','2026-06-18 00:03:10','2026-06-18 00:03:10'),(619,23,'RESUME','Resume','Evaluasi dan pemantauan proyeksi dibandingkan realisasi arus penumpang, kendaraan, dan barang','Z',NULL,'2026-06-18 00:03:10','2026-06-18 00:03:10'),(620,23,'RESUME','Resume','Evaluasi efektifitas dalam Posko Lebaran Terpadu bersama stakeholder terkait','ZS',NULL,'2026-06-18 00:03:10','2026-06-18 00:03:10'),(621,23,'RESUME','Resume','Evaluasi harian kinerja operasional melalui penyampaian daily dashboard report kepada Direksi','XAS',NULL,'2026-06-18 00:03:10','2026-06-18 00:03:10'),(622,23,'RESUME','Resume','Catatan','SAX',NULL,'2026-06-18 00:03:10','2026-06-18 00:03:10'),(623,16,'A','1. Fasilitas Dermaga','Dermaga','Baik','Site Visit','2026-06-18 00:03:47','2026-06-18 00:03:47'),(624,16,'A','1. Fasilitas Dermaga','Bolder','Baik','Online','2026-06-18 00:03:47','2026-06-18 00:03:47'),(625,16,'A','1. Fasilitas Dermaga','Fender','Baik','Site Visit','2026-06-18 00:03:47','2026-06-18 00:03:47'),(626,16,'A','2. Fasilitas Terminal penumpang','Ruangan Tunggu Terminal','Baik','Site Visit','2026-06-18 00:03:47','2026-06-18 00:03:47'),(627,16,'A','2. Fasilitas Terminal penumpang','Posko','Kurang','Site Visit','2026-06-18 00:03:47','2026-06-18 00:03:47'),(628,16,'A','2. Fasilitas Terminal penumpang','Lunch Room','Baik','Site Visit','2026-06-18 00:03:47','2026-06-18 00:03:47'),(629,16,'A','2. Fasilitas Terminal penumpang','Toilet','Kurang','Site Visit','2026-06-18 00:03:47','2026-06-18 00:03:47'),(630,16,'A','2. Fasilitas Terminal penumpang','Mushola','Baik','Site Visit','2026-06-18 00:03:47','2026-06-18 00:03:47'),(631,16,'A','2. Fasilitas Terminal penumpang','Laktasi','Baik','Site Visit','2026-06-18 00:03:47','2026-06-18 00:03:47'),(632,16,'A','2. Fasilitas Terminal penumpang','AC / Kipas','Kurang','Site Visit','2026-06-18 00:03:47','2026-06-18 00:03:47'),(633,16,'A','2. Fasilitas Terminal penumpang','XRAY','Baik','Site Visit','2026-06-18 00:03:47','2026-06-18 00:03:47'),(634,16,'A','2. Fasilitas Terminal penumpang','Tangga Penumpang','Baik','Site Visit','2026-06-18 00:03:47','2026-06-18 00:03:47'),(635,16,'B','1. Kesiapan SDM','SDM Operasi','Baik','Online','2026-06-18 00:03:47','2026-06-18 00:03:47'),(636,16,'B','1. Kesiapan SDM','Pengamanan','Baik','Online','2026-06-18 00:03:47','2026-06-18 00:03:47'),(637,16,'B','2. Operasional Embarkasi / Debarkasi','Kapal yang berkegiatan','Baik','Site Visit','2026-06-18 00:03:47','2026-06-18 00:03:47'),(638,16,'B','2. Operasional Embarkasi / Debarkasi','Antrian & Kepadatan Penumpang embarkasi / debarkasi','Baik','Site Visit','2026-06-18 00:03:47','2026-06-18 00:03:47'),(639,16,'C','1. Pengelolaan HSSE','Incident','Tidak Ada','Site Visit','2026-06-18 00:03:47','2026-06-18 00:03:47'),(640,16,'C','1. Pengelolaan HSSE','Unsafe Action','Tidak Ada','Site Visit','2026-06-18 00:03:48','2026-06-18 00:03:48'),(641,16,'C','1. Pengelolaan HSSE','Unsafe Condition','Tidak Ada','Site Visit','2026-06-18 00:03:48','2026-06-18 00:03:48'),(642,16,'C','2. Kelengkapan Fasilitas HSSE','Kelengkapan Fasilitas HSSE','Lengkap','Site Visit','2026-06-18 00:03:48','2026-06-18 00:03:48'),(643,16,'C','3. Fit to Work','Fit to Work','Baik','Site Visit','2026-06-18 00:03:48','2026-06-18 00:03:48'),(644,16,'D','None','Penyelesaian Komplain','Baik','Site Visit','2026-06-18 00:03:48','2026-06-18 00:03:48'),(645,16,'D','None','Komunikasi Publik dan Media Handling','Baik','Site Visit','2026-06-18 00:03:48','2026-06-18 00:03:48'),(646,16,'D','None','Komunikasi dengan Stakeholder Terkait','Baik','Site Visit','2026-06-18 00:03:48','2026-06-18 00:03:48'),(647,16,'E','None','Tidak terdapat indikasi praktik tipping, pungutan liar, penyuapan, fraud, atau pemberian gratifikasi kepada petugas serta tidak terdapat percepatan layanan tidak resmi di luar prosedur yang berlaku.','Ada','Site Visit','2026-06-18 00:03:48','2026-06-18 00:03:48'),(648,16,'RESUME','Resume','Evaluasi Kondisi Fasilitas yang dipersyaratkan dibandingkan dengan kondisi eksiting (termasuk posko)','taata',NULL,'2026-06-18 00:03:48','2026-06-18 00:03:48'),(649,16,'RESUME','Resume','Evaluasi terhadap operasional realisasi arus kapal dan penumpang serta penerapan HSSE','asfasdgfdc',NULL,'2026-06-18 00:03:48','2026-06-18 00:03:48'),(650,16,'RESUME','Resume','Evaluasi Komplain dan media handling','fagdsgcbxgafa',NULL,'2026-06-18 00:03:48','2026-06-18 00:03:48'),(651,16,'RESUME','Resume','Isu yang Memerlukan Perhatian Manajemen','fafdagfaedcbhdstG',NULL,'2026-06-18 00:03:48','2026-06-18 00:03:48'),(652,15,'A','None','Alur dan kolam','Baik','Site Visit','2026-06-18 00:04:57','2026-06-18 00:04:57'),(653,15,'A','None','Fasilitas terminal dan lapangang','Kurang','Site Visit','2026-06-18 00:04:57','2026-06-18 00:04:57'),(654,15,'A','None','Fasilitas dan kebersihan terminal penumpang','Kurang','Site Visit','2026-06-18 00:04:57','2026-06-18 00:04:57'),(655,15,'A','None','Kecukupan sistem teknologi informasi dan digitalisasi','Baik','Site Visit','2026-06-18 00:04:57','2026-06-18 00:04:57'),(656,15,'A','None','Kesiapan rencana kontinjensi terhadap gangguan sistem dan lonjakan ekstrem aktivitas pelabuhan','Baik','Site Visit','2026-06-18 00:04:57','2026-06-18 00:04:57'),(657,15,'A','None','Kesiapan rencana kontinjensi terhadap gangguan cuaca buruk pada pelayanan penumpang','Kurang','Site Visit','2026-06-18 00:04:57','2026-06-18 00:04:57'),(658,15,'B','None','Kesiapan dan keandalan peralatan bongkar muat','Baik','Site Visit','2026-06-18 00:04:57','2026-06-18 00:04:57'),(659,15,'B','None','Kesiapan SDM operasional','Baik','Site Visit','2026-06-18 00:04:57','2026-06-18 00:04:57'),(660,15,'B','None','Indikator Dwelling Time sebagai kontrol kinerja operasional dan tata kelola arus barang di dalam kawasan pelabuhan','Kurang','Site Visit','2026-06-18 00:04:57','2026-06-18 00:04:57'),(661,15,'B','None','Indikator pelayanan operasional','Kurang','Site Visit','2026-06-18 00:04:57','2026-06-18 00:04:57'),(662,15,'B','None','Aspek keamanan dan zero major incident dalam pelayanan operasional','Baik','Site Visit','2026-06-18 00:04:57','2026-06-18 00:04:57'),(663,15,'C','None','Kesiapan sarana pendukung serta kesiapan tenaga pandu dan awak kapal','Baik','Site Visit','2026-06-18 00:04:57','2026-06-18 00:04:57'),(664,15,'C','None','Aspek K3 dan keselamatan pelayaran','Kurang','Site Visit','2026-06-18 00:04:57','2026-06-18 00:04:57'),(665,15,'C','None','Kesiapan rencana kontinjensi menghadapi cuaca ekstrem dan lonjakan trafik kapal','Kurang','Site Visit','2026-06-18 00:04:57','2026-06-18 00:04:57'),(666,15,'D','None','Penyelelesaian komplain dari asosiasi dan pengguna jasa','Baik','Site Visit','2026-06-18 00:04:57','2026-06-18 00:04:57'),(667,15,'D','None','Mekanisme komunikasi publik dan media handling','Kurang','Site Visit','2026-06-18 00:04:57','2026-06-18 00:04:57'),(668,15,'D','None','Mekanisme komunikasi dan koordinasi cabang pelabuhan dengan stakeholder strategis','Baik','Site Visit','2026-06-18 00:04:57','2026-06-18 00:04:57'),(669,15,'RESUME','Resume','Evaluasi dan pemantauan proyeksi dibandingkan realisasi arus penumpang, kendaraan, dan barang','DSA',NULL,'2026-06-18 00:04:57','2026-06-18 00:04:57'),(670,15,'RESUME','Resume','Evaluasi efektifitas dalam Posko Lebaran Terpadu bersama stakeholder terkait','SD',NULL,'2026-06-18 00:04:57','2026-06-18 00:04:57'),(671,15,'RESUME','Resume','Evaluasi harian kinerja operasional melalui penyampaian daily dashboard report kepada Direksi','EDADSA',NULL,'2026-06-18 00:04:57','2026-06-18 00:04:57'),(672,15,'RESUME','Resume','Catatan','SSSA',NULL,'2026-06-18 00:04:57','2026-06-18 00:04:57'),(673,24,'A','None','Alur dan kolam','Baik','Site Visit','2026-06-18 00:15:16','2026-06-18 00:15:16'),(674,24,'A','None','Fasilitas terminal dan lapangang','Baik','Site Visit','2026-06-18 00:15:16','2026-06-18 00:15:16'),(675,24,'A','None','Fasilitas dan kebersihan terminal penumpang','Kurang','Site Visit','2026-06-18 00:15:16','2026-06-18 00:15:16'),(676,24,'A','None','Kecukupan sistem teknologi informasi dan digitalisasi','Kurang','Site Visit','2026-06-18 00:15:16','2026-06-18 00:15:16'),(677,24,'A','None','Kesiapan rencana kontinjensi terhadap gangguan sistem dan lonjakan ekstrem aktivitas pelabuhan','Baik','Site Visit','2026-06-18 00:15:16','2026-06-18 00:15:16'),(678,24,'A','None','Kesiapan rencana kontinjensi terhadap gangguan cuaca buruk pada pelayanan penumpang','Kurang','Site Visit','2026-06-18 00:15:16','2026-06-18 00:15:16'),(679,24,'B','None','Kesiapan dan keandalan peralatan bongkar muat','Baik','Site Visit','2026-06-18 00:15:16','2026-06-18 00:15:16'),(680,24,'B','None','Kesiapan SDM operasional','Kurang','Site Visit','2026-06-18 00:15:16','2026-06-18 00:15:16'),(681,24,'B','None','Indikator Dwelling Time sebagai kontrol kinerja operasional dan tata kelola arus barang di dalam kawasan pelabuhan','Kurang','Site Visit','2026-06-18 00:15:16','2026-06-18 00:15:16'),(682,24,'B','None','Indikator pelayanan operasional','Kurang','Site Visit','2026-06-18 00:15:16','2026-06-18 00:15:16'),(683,24,'B','None','Aspek keamanan dan zero major incident dalam pelayanan operasional','Kurang','Site Visit','2026-06-18 00:15:16','2026-06-18 00:15:16'),(684,24,'C','None','Kesiapan sarana pendukung serta kesiapan tenaga pandu dan awak kapal','Baik','Site Visit','2026-06-18 00:15:16','2026-06-18 00:15:16'),(685,24,'C','None','Aspek K3 dan keselamatan pelayaran','Kurang','Site Visit','2026-06-18 00:15:16','2026-06-18 00:15:16'),(686,24,'C','None','Kesiapan rencana kontinjensi menghadapi cuaca ekstrem dan lonjakan trafik kapal','Kurang','Site Visit','2026-06-18 00:15:16','2026-06-18 00:15:16'),(687,24,'D','None','Penyelelesaian komplain dari asosiasi dan pengguna jasa','Baik','Site Visit','2026-06-18 00:15:17','2026-06-18 00:15:17'),(688,24,'D','None','Mekanisme komunikasi publik dan media handling','Baik','Site Visit','2026-06-18 00:15:17','2026-06-18 00:15:17'),(689,24,'D','None','Mekanisme komunikasi dan koordinasi cabang pelabuhan dengan stakeholder strategis','Kurang','Site Visit','2026-06-18 00:15:17','2026-06-18 00:15:17'),(690,24,'RESUME','Resume','Evaluasi dan pemantauan proyeksi dibandingkan realisasi arus penumpang, kendaraan, dan barang','asddadad',NULL,'2026-06-18 00:15:17','2026-06-18 00:15:17'),(691,24,'RESUME','Resume','Evaluasi efektifitas dalam Posko Lebaran Terpadu bersama stakeholder terkait','fdgfgd',NULL,'2026-06-18 00:15:17','2026-06-18 00:15:17'),(692,24,'RESUME','Resume','Evaluasi harian kinerja operasional melalui penyampaian daily dashboard report kepada Direksi','fgdgf',NULL,'2026-06-18 00:15:17','2026-06-18 00:15:17'),(693,24,'RESUME','Resume','Catatan','werwr',NULL,'2026-06-18 00:15:17','2026-06-18 00:15:17'),(709,25,'A','None','Alur dan kolam','Baik','Site Visit','2026-06-18 00:27:28','2026-06-18 00:27:28'),(710,25,'A','None','Fasilitas terminal dan lapangang','Kurang','Site Visit','2026-06-18 00:27:28','2026-06-18 00:27:28'),(711,25,'A','None','Fasilitas dan kebersihan terminal penumpang','Baik','Site Visit','2026-06-18 00:27:28','2026-06-18 00:27:28'),(712,25,'A','None','Kecukupan sistem teknologi informasi dan digitalisasi','Baik','Site Visit','2026-06-18 00:27:28','2026-06-18 00:27:28'),(713,25,'A','None','Kesiapan rencana kontinjensi terhadap gangguan sistem dan lonjakan ekstrem aktivitas pelabuhan','Baik','Site Visit','2026-06-18 00:27:28','2026-06-18 00:27:28'),(714,25,'A','None','Kesiapan rencana kontinjensi terhadap gangguan cuaca buruk pada pelayanan penumpang','Baik','Site Visit','2026-06-18 00:27:28','2026-06-18 00:27:28'),(715,25,'B','None','Kesiapan dan keandalan peralatan bongkar muat','Baik','Site Visit','2026-06-18 00:27:28','2026-06-18 00:27:28'),(716,25,'B','None','Kesiapan SDM operasional','Baik','Site Visit','2026-06-18 00:27:28','2026-06-18 00:27:28'),(717,25,'B','None','Indikator Dwelling Time sebagai kontrol kinerja operasional dan tata kelola arus barang di dalam kawasan pelabuhan','Baik','Site Visit','2026-06-18 00:27:28','2026-06-18 00:27:28'),(718,25,'B','None','Indikator pelayanan operasional','Baik','Site Visit','2026-06-18 00:27:28','2026-06-18 00:27:28'),(719,25,'B','None','Aspek keamanan dan zero major incident dalam pelayanan operasional','Baik','Site Visit','2026-06-18 00:27:28','2026-06-18 00:27:28'),(720,25,'C','None','Kesiapan sarana pendukung serta kesiapan tenaga pandu dan awak kapal','Baik','Site Visit','2026-06-18 00:27:28','2026-06-18 00:27:28'),(721,25,'C','None','Aspek K3 dan keselamatan pelayaran','Baik','Site Visit','2026-06-18 00:27:28','2026-06-18 00:27:28'),(722,25,'C','None','Kesiapan rencana kontinjensi menghadapi cuaca ekstrem dan lonjakan trafik kapal','Baik','Site Visit','2026-06-18 00:27:28','2026-06-18 00:27:28'),(723,25,'D','None','Penyelelesaian komplain dari asosiasi dan pengguna jasa','Baik','Site Visit','2026-06-18 00:27:28','2026-06-18 00:27:28'),(724,25,'D','None','Mekanisme komunikasi publik dan media handling','Baik','Site Visit','2026-06-18 00:27:28','2026-06-18 00:27:28'),(725,25,'D','None','Mekanisme komunikasi dan koordinasi cabang pelabuhan dengan stakeholder strategis','Baik','Site Visit','2026-06-18 00:27:28','2026-06-18 00:27:28'),(726,25,'RESUME','Resume','Evaluasi dan pemantauan proyeksi dibandingkan realisasi arus penumpang, kendaraan, dan barang','dadad',NULL,'2026-06-18 00:27:28','2026-06-18 00:27:28'),(727,25,'RESUME','Resume','Evaluasi efektifitas dalam Posko Lebaran Terpadu bersama stakeholder terkait','adaa',NULL,'2026-06-18 00:27:28','2026-06-18 00:27:28'),(728,25,'RESUME','Resume','Evaluasi harian kinerja operasional melalui penyampaian daily dashboard report kepada Direksi','adad',NULL,'2026-06-18 00:27:28','2026-06-18 00:27:28'),(729,25,'RESUME','Resume','Catatan','dada',NULL,'2026-06-18 00:27:28','2026-06-18 00:27:28'),(740,27,'A','None','Alur dan kolam','Baik','Site Visit','2026-06-18 16:44:34','2026-06-18 16:44:34'),(741,27,'A','None','Fasilitas terminal dan lapangang','Baik','Site Visit','2026-06-18 16:44:34','2026-06-18 16:44:34'),(742,27,'A','None','Fasilitas dan kebersihan terminal penumpang','Kurang','Site Visit','2026-06-18 16:44:34','2026-06-18 16:44:34'),(743,27,'A','None','Kecukupan sistem teknologi informasi dan digitalisasi','Kurang','Site Visit','2026-06-18 16:44:34','2026-06-18 16:44:34'),(744,27,'A','None','Kesiapan rencana kontinjensi terhadap gangguan sistem dan lonjakan ekstrem aktivitas pelabuhan','Baik','Site Visit','2026-06-18 16:44:34','2026-06-18 16:44:34'),(745,27,'A','None','Kesiapan rencana kontinjensi terhadap gangguan cuaca buruk pada pelayanan penumpang','Kurang','Site Visit','2026-06-18 16:44:34','2026-06-18 16:44:34'),(746,27,'A','None','_catatan_','<ul><li>Fasilitas dan kebersihan terminal penumpang</li><li>Kecukupan sistem teknologi informasi dan digitalisasi</li></ul><p>&nbsp;</p><p><br>&nbsp;</p>',NULL,'2026-06-18 16:44:34','2026-06-18 16:44:34'),(747,27,'B','None','Kesiapan dan keandalan peralatan bongkar muat','Baik','Site Visit','2026-06-18 16:44:34','2026-06-18 16:44:34'),(748,27,'B','None','Kesiapan SDM operasional','Baik','Site Visit','2026-06-18 16:44:34','2026-06-18 16:44:34'),(749,27,'B','None','Indikator Dwelling Time sebagai kontrol kinerja operasional dan tata kelola arus barang di dalam kawasan pelabuhan','Baik','Site Visit','2026-06-18 16:44:34','2026-06-18 16:44:34'),(750,27,'B','None','Indikator pelayanan operasional','Kurang','Site Visit','2026-06-18 16:44:34','2026-06-18 16:44:34'),(751,27,'B','None','Aspek keamanan dan zero major incident dalam pelayanan operasional','Kurang','Site Visit','2026-06-18 16:44:35','2026-06-18 16:44:35'),(752,27,'B','None','_catatan_','<ul><li>asss</li><li>fyhjgh</li><li>5242\'</li><li>4</li></ul>',NULL,'2026-06-18 16:44:35','2026-06-18 16:44:35'),(753,27,'C','None','Kesiapan sarana pendukung serta kesiapan tenaga pandu dan awak kapal','Baik','Site Visit','2026-06-18 16:44:35','2026-06-18 16:44:35'),(754,27,'C','None','Aspek K3 dan keselamatan pelayaran','Baik','Site Visit','2026-06-18 16:44:35','2026-06-18 16:44:35'),(755,27,'C','None','Kesiapan rencana kontinjensi menghadapi cuaca ekstrem dan lonjakan trafik kapal','Kurang','Site Visit','2026-06-18 16:44:35','2026-06-18 16:44:35'),(756,27,'C','None','_catatan_','<ul><li>n,bjbjkljkljkl</li><li>ij;lj</li><li>jljjk</li><li>iojl</li><li>hkhk</li></ul>',NULL,'2026-06-18 16:44:35','2026-06-18 16:44:35'),(757,27,'D','None','Penyelelesaian komplain dari asosiasi dan pengguna jasa','Baik','Site Visit','2026-06-18 16:44:35','2026-06-18 16:44:35'),(758,27,'D','None','Mekanisme komunikasi publik dan media handling','Kurang','Site Visit','2026-06-18 16:44:35','2026-06-18 16:44:35'),(759,27,'D','None','Mekanisme komunikasi dan koordinasi cabang pelabuhan dengan stakeholder strategis','Kurang','Site Visit','2026-06-18 16:44:35','2026-06-18 16:44:35'),(760,27,'D','None','_catatan_','<ul><li>jhjkgggugi\'</li><li>uhikhoijhlhljh</li><li>jklk;j</li><li>ihkh</li><li>hjkguj</li></ul>',NULL,'2026-06-18 16:44:35','2026-06-18 16:44:35'),(761,27,'RESUME','Resume','Evaluasi dan pemantauan proyeksi dibandingkan realisasi arus penumpang, kendaraan, dan barang','jksrdfsdf',NULL,'2026-06-18 16:44:35','2026-06-18 16:44:35'),(762,27,'RESUME','Resume','Evaluasi efektifitas dalam Posko Lebaran Terpadu bersama stakeholder terkait','asdadaedadddad',NULL,'2026-06-18 16:44:35','2026-06-18 16:44:35'),(763,27,'RESUME','Resume','Evaluasi harian kinerja operasional melalui penyampaian daily dashboard report kepada Direksi','adadad',NULL,'2026-06-18 16:44:35','2026-06-18 16:44:35'),(764,27,'RESUME','Resume','Catatan','adadasdasda',NULL,'2026-06-18 16:44:35','2026-06-18 16:44:35'),(765,26,'A','None','Alur dan kolam','Baik','Site Visit','2026-06-18 16:53:38','2026-06-18 16:53:38'),(766,26,'A','None','Fasilitas terminal dan lapangang','Kurang','Site Visit','2026-06-18 16:53:38','2026-06-18 16:53:38'),(767,26,'A','None','Fasilitas dan kebersihan terminal penumpang','Baik','Site Visit','2026-06-18 16:53:38','2026-06-18 16:53:38'),(768,26,'A','None','Kecukupan sistem teknologi informasi dan digitalisasi','Baik','Site Visit','2026-06-18 16:53:38','2026-06-18 16:53:38'),(769,26,'A','None','Kesiapan rencana kontinjensi terhadap gangguan sistem dan lonjakan ekstrem aktivitas pelabuhan','Baik','Site Visit','2026-06-18 16:53:38','2026-06-18 16:53:38'),(770,26,'A','None','Kesiapan rencana kontinjensi terhadap gangguan cuaca buruk pada pelayanan penumpang','Baik','Online','2026-06-18 16:53:38','2026-06-18 16:53:38'),(771,26,'A','None','_catatan_',NULL,NULL,'2026-06-18 16:53:38','2026-06-18 16:53:38'),(772,26,'B','None','Kesiapan dan keandalan peralatan bongkar muat','Baik','Site Visit','2026-06-18 16:53:38','2026-06-18 16:53:38'),(773,26,'B','None','Kesiapan SDM operasional','Baik','Site Visit','2026-06-18 16:53:38','2026-06-18 16:53:38'),(774,26,'B','None','Indikator Dwelling Time sebagai kontrol kinerja operasional dan tata kelola arus barang di dalam kawasan pelabuhan','Baik','Site Visit','2026-06-18 16:53:38','2026-06-18 16:53:38'),(775,26,'B','None','Indikator pelayanan operasional','Baik','Site Visit','2026-06-18 16:53:38','2026-06-18 16:53:38'),(776,26,'B','None','Aspek keamanan dan zero major incident dalam pelayanan operasional','Baik','Site Visit','2026-06-18 16:53:38','2026-06-18 16:53:38'),(777,26,'B','None','_catatan_',NULL,NULL,'2026-06-18 16:53:38','2026-06-18 16:53:38'),(778,26,'C','None','Kesiapan sarana pendukung serta kesiapan tenaga pandu dan awak kapal','Baik','Site Visit','2026-06-18 16:53:38','2026-06-18 16:53:38'),(779,26,'C','None','Aspek K3 dan keselamatan pelayaran','Baik','Site Visit','2026-06-18 16:53:38','2026-06-18 16:53:38'),(780,26,'C','None','Kesiapan rencana kontinjensi menghadapi cuaca ekstrem dan lonjakan trafik kapal','Baik','Site Visit','2026-06-18 16:53:38','2026-06-18 16:53:38'),(781,26,'C','None','_catatan_',NULL,NULL,'2026-06-18 16:53:38','2026-06-18 16:53:38'),(782,26,'D','None','Penyelelesaian komplain dari asosiasi dan pengguna jasa','Baik','Site Visit','2026-06-18 16:53:38','2026-06-18 16:53:38'),(783,26,'D','None','Mekanisme komunikasi publik dan media handling','Baik','Site Visit','2026-06-18 16:53:38','2026-06-18 16:53:38'),(784,26,'D','None','Mekanisme komunikasi dan koordinasi cabang pelabuhan dengan stakeholder strategis','Baik','Site Visit','2026-06-18 16:53:38','2026-06-18 16:53:38'),(785,26,'D','None','_catatan_',NULL,NULL,'2026-06-18 16:53:38','2026-06-18 16:53:38'),(786,26,'RESUME','Resume','Evaluasi dan pemantauan proyeksi dibandingkan realisasi arus penumpang, kendaraan, dan barang','as',NULL,'2026-06-18 16:53:38','2026-06-18 16:53:38'),(787,26,'RESUME','Resume','Evaluasi efektifitas dalam Posko Lebaran Terpadu bersama stakeholder terkait','asxa',NULL,'2026-06-18 16:53:38','2026-06-18 16:53:38'),(788,26,'RESUME','Resume','Evaluasi harian kinerja operasional melalui penyampaian daily dashboard report kepada Direksi','sass',NULL,'2026-06-18 16:53:38','2026-06-18 16:53:38'),(789,26,'RESUME','Resume','Catatan','asdsa',NULL,'2026-06-18 16:53:38','2026-06-18 16:53:38'),(790,20,'A','None','Alur dan kolam','Kurang','Site Visit','2026-06-18 17:09:39','2026-06-18 17:09:39'),(791,20,'A','None','Fasilitas terminal dan lapangang','Kurang','Site Visit','2026-06-18 17:09:39','2026-06-18 17:09:39'),(792,20,'A','None','Fasilitas dan kebersihan terminal penumpang','Baik','Site Visit','2026-06-18 17:09:39','2026-06-18 17:09:39'),(793,20,'A','None','Kecukupan sistem teknologi informasi dan digitalisasi','Baik','Site Visit','2026-06-18 17:09:39','2026-06-18 17:09:39'),(794,20,'A','None','Kesiapan rencana kontinjensi terhadap gangguan sistem dan lonjakan ekstrem aktivitas pelabuhan','Baik','Site Visit','2026-06-18 17:09:39','2026-06-18 17:09:39'),(795,20,'A','None','Kesiapan rencana kontinjensi terhadap gangguan cuaca buruk pada pelayanan penumpang','Baik','Site Visit','2026-06-18 17:09:39','2026-06-18 17:09:39'),(796,20,'A','None','_catatan_',NULL,NULL,'2026-06-18 17:09:39','2026-06-18 17:09:39'),(797,20,'B','None','Kesiapan dan keandalan peralatan bongkar muat','Baik','Site Visit','2026-06-18 17:09:39','2026-06-18 17:09:39'),(798,20,'B','None','Kesiapan SDM operasional','Baik','Site Visit','2026-06-18 17:09:39','2026-06-18 17:09:39'),(799,20,'B','None','Indikator Dwelling Time sebagai kontrol kinerja operasional dan tata kelola arus barang di dalam kawasan pelabuhan','Baik','Site Visit','2026-06-18 17:09:39','2026-06-18 17:09:39'),(800,20,'B','None','Indikator pelayanan operasional','Kurang','Site Visit','2026-06-18 17:09:39','2026-06-18 17:09:39'),(801,20,'B','None','Aspek keamanan dan zero major incident dalam pelayanan operasional','Kurang','Site Visit','2026-06-18 17:09:39','2026-06-18 17:09:39'),(802,20,'B','None','_catatan_',NULL,NULL,'2026-06-18 17:09:39','2026-06-18 17:09:39'),(803,20,'C','None','Kesiapan sarana pendukung serta kesiapan tenaga pandu dan awak kapal','Baik','Site Visit','2026-06-18 17:09:39','2026-06-18 17:09:39'),(804,20,'C','None','Aspek K3 dan keselamatan pelayaran','Baik','Site Visit','2026-06-18 17:09:39','2026-06-18 17:09:39'),(805,20,'C','None','Kesiapan rencana kontinjensi menghadapi cuaca ekstrem dan lonjakan trafik kapal','Kurang','Site Visit','2026-06-18 17:09:39','2026-06-18 17:09:39'),(806,20,'C','None','_catatan_',NULL,NULL,'2026-06-18 17:09:39','2026-06-18 17:09:39'),(807,20,'D','None','Penyelelesaian komplain dari asosiasi dan pengguna jasa','Baik','Site Visit','2026-06-18 17:09:39','2026-06-18 17:09:39'),(808,20,'D','None','Mekanisme komunikasi publik dan media handling','Baik','Site Visit','2026-06-18 17:09:39','2026-06-18 17:09:39'),(809,20,'D','None','Mekanisme komunikasi dan koordinasi cabang pelabuhan dengan stakeholder strategis','Kurang','Site Visit','2026-06-18 17:09:39','2026-06-18 17:09:39'),(810,20,'D','None','_catatan_',NULL,NULL,'2026-06-18 17:09:39','2026-06-18 17:09:39'),(811,20,'RESUME','Resume','Evaluasi dan pemantauan proyeksi dibandingkan realisasi arus penumpang, kendaraan, dan barang','ssssss',NULL,'2026-06-18 17:09:39','2026-06-18 17:09:39'),(812,20,'RESUME','Resume','Evaluasi efektifitas dalam Posko Lebaran Terpadu bersama stakeholder terkait','sssss',NULL,'2026-06-18 17:09:39','2026-06-18 17:09:39'),(813,20,'RESUME','Resume','Evaluasi harian kinerja operasional melalui penyampaian daily dashboard report kepada Direksi','sssss',NULL,'2026-06-18 17:09:39','2026-06-18 17:09:39'),(814,20,'RESUME','Resume','Catatan','sssssss',NULL,'2026-06-18 17:09:39','2026-06-18 17:09:39'),(815,21,'A','None','Alur dan kolam','Kurang','Site Visit','2026-06-18 17:10:55','2026-06-18 17:10:55'),(816,21,'A','None','Fasilitas terminal dan lapangang','Kurang','Site Visit','2026-06-18 17:10:55','2026-06-18 17:10:55'),(817,21,'A','None','Fasilitas dan kebersihan terminal penumpang','Baik','Site Visit','2026-06-18 17:10:55','2026-06-18 17:10:55'),(818,21,'A','None','Kecukupan sistem teknologi informasi dan digitalisasi','Baik','Site Visit','2026-06-18 17:10:55','2026-06-18 17:10:55'),(819,21,'A','None','Kesiapan rencana kontinjensi terhadap gangguan sistem dan lonjakan ekstrem aktivitas pelabuhan','Baik','Site Visit','2026-06-18 17:10:55','2026-06-18 17:10:55'),(820,21,'A','None','Kesiapan rencana kontinjensi terhadap gangguan cuaca buruk pada pelayanan penumpang','Baik','Site Visit','2026-06-18 17:10:55','2026-06-18 17:10:55'),(821,21,'A','None','_catatan_',NULL,NULL,'2026-06-18 17:10:55','2026-06-18 17:10:55'),(822,21,'B','None','Kesiapan dan keandalan peralatan bongkar muat','Baik','Site Visit','2026-06-18 17:10:55','2026-06-18 17:10:55'),(823,21,'B','None','Kesiapan SDM operasional','Baik','Site Visit','2026-06-18 17:10:55','2026-06-18 17:10:55'),(824,21,'B','None','Indikator Dwelling Time sebagai kontrol kinerja operasional dan tata kelola arus barang di dalam kawasan pelabuhan','Baik','Site Visit','2026-06-18 17:10:55','2026-06-18 17:10:55'),(825,21,'B','None','Indikator pelayanan operasional','Kurang','Site Visit','2026-06-18 17:10:55','2026-06-18 17:10:55'),(826,21,'B','None','Aspek keamanan dan zero major incident dalam pelayanan operasional','Kurang','Site Visit','2026-06-18 17:10:55','2026-06-18 17:10:55'),(827,21,'B','None','_catatan_',NULL,NULL,'2026-06-18 17:10:55','2026-06-18 17:10:55'),(828,21,'C','None','Kesiapan sarana pendukung serta kesiapan tenaga pandu dan awak kapal','Baik','Site Visit','2026-06-18 17:10:55','2026-06-18 17:10:55'),(829,21,'C','None','Aspek K3 dan keselamatan pelayaran','Baik','Site Visit','2026-06-18 17:10:55','2026-06-18 17:10:55'),(830,21,'C','None','Kesiapan rencana kontinjensi menghadapi cuaca ekstrem dan lonjakan trafik kapal','Kurang','Site Visit','2026-06-18 17:10:55','2026-06-18 17:10:55'),(831,21,'C','None','_catatan_',NULL,NULL,'2026-06-18 17:10:55','2026-06-18 17:10:55'),(832,21,'D','None','Penyelelesaian komplain dari asosiasi dan pengguna jasa','Baik','Site Visit','2026-06-18 17:10:55','2026-06-18 17:10:55'),(833,21,'D','None','Mekanisme komunikasi publik dan media handling','Baik','Site Visit','2026-06-18 17:10:55','2026-06-18 17:10:55'),(834,21,'D','None','Mekanisme komunikasi dan koordinasi cabang pelabuhan dengan stakeholder strategis','Kurang','Site Visit','2026-06-18 17:10:55','2026-06-18 17:10:55'),(835,21,'D','None','_catatan_',NULL,NULL,'2026-06-18 17:10:55','2026-06-18 17:10:55'),(836,21,'RESUME','Resume','Evaluasi dan pemantauan proyeksi dibandingkan realisasi arus penumpang, kendaraan, dan barang','ssssss',NULL,'2026-06-18 17:10:55','2026-06-18 17:10:55'),(837,21,'RESUME','Resume','Evaluasi efektifitas dalam Posko Lebaran Terpadu bersama stakeholder terkait','sssss',NULL,'2026-06-18 17:10:56','2026-06-18 17:10:56'),(838,21,'RESUME','Resume','Evaluasi harian kinerja operasional melalui penyampaian daily dashboard report kepada Direksi','sssss',NULL,'2026-06-18 17:10:56','2026-06-18 17:10:56'),(839,21,'RESUME','Resume','Catatan','sssssss',NULL,'2026-06-18 17:10:56','2026-06-18 17:10:56'),(840,28,'A','None','Alur dan kolam','Baik','Site Visit','2026-06-18 17:19:03','2026-06-18 17:19:03'),(841,28,'A','None','Fasilitas terminal dan lapangang','Baik','Site Visit','2026-06-18 17:19:03','2026-06-18 17:19:03'),(842,28,'A','None','Fasilitas dan kebersihan terminal penumpang','Baik','Site Visit','2026-06-18 17:19:03','2026-06-18 17:19:03'),(843,28,'A','None','Kecukupan sistem teknologi informasi dan digitalisasi','Baik','Site Visit','2026-06-18 17:19:03','2026-06-18 17:19:03'),(844,28,'A','None','Kesiapan rencana kontinjensi terhadap gangguan sistem dan lonjakan ekstrem aktivitas pelabuhan','Baik','Site Visit','2026-06-18 17:19:03','2026-06-18 17:19:03'),(845,28,'A','None','Kesiapan rencana kontinjensi terhadap gangguan cuaca buruk pada pelayanan penumpang','Baik','Site Visit','2026-06-18 17:19:03','2026-06-18 17:19:03'),(846,28,'A','None','_catatan_','<ul><li>oskdaopd</li><li>dawdda</li><li>sdada</li><li>asa</li><li>asdadas</li><li>asadasd</li></ul>',NULL,'2026-06-18 17:19:03','2026-06-18 17:19:03'),(847,28,'B','None','Kesiapan dan keandalan peralatan bongkar muat','Baik','Site Visit','2026-06-18 17:19:03','2026-06-18 17:19:03'),(848,28,'B','None','Kesiapan SDM operasional','Baik','Site Visit','2026-06-18 17:19:03','2026-06-18 17:19:03'),(849,28,'B','None','Indikator Dwelling Time sebagai kontrol kinerja operasional dan tata kelola arus barang di dalam kawasan pelabuhan','Baik','Site Visit','2026-06-18 17:19:03','2026-06-18 17:19:03'),(850,28,'B','None','Indikator pelayanan operasional','Kurang','Site Visit','2026-06-18 17:19:03','2026-06-18 17:19:03'),(851,28,'B','None','Aspek keamanan dan zero major incident dalam pelayanan operasional','Kurang','Site Visit','2026-06-18 17:19:03','2026-06-18 17:19:03'),(852,28,'B','None','_catatan_','<ul><li>DDADAAS</li><li>GFIODOIBNE</li><li>DIONVSNO</li></ul>',NULL,'2026-06-18 17:19:03','2026-06-18 17:19:03'),(853,28,'C','None','Kesiapan sarana pendukung serta kesiapan tenaga pandu dan awak kapal','Baik','Site Visit','2026-06-18 17:19:03','2026-06-18 17:19:03'),(854,28,'C','None','Aspek K3 dan keselamatan pelayaran','Baik','Site Visit','2026-06-18 17:19:03','2026-06-18 17:19:03'),(855,28,'C','None','Kesiapan rencana kontinjensi menghadapi cuaca ekstrem dan lonjakan trafik kapal','Kurang','Site Visit','2026-06-18 17:19:03','2026-06-18 17:19:03'),(856,28,'C','None','_catatan_','<ul><li>SADD D</li><li>ADADKLIKD</li><li>&nbsp;DWOJKV DSV A</li><li>SCACAM &nbsp;SDD</li></ul>',NULL,'2026-06-18 17:19:03','2026-06-18 17:19:03'),(857,28,'D','None','Penyelelesaian komplain dari asosiasi dan pengguna jasa','Baik','Site Visit','2026-06-18 17:19:03','2026-06-18 17:19:03'),(858,28,'D','None','Mekanisme komunikasi publik dan media handling','Baik','Site Visit','2026-06-18 17:19:03','2026-06-18 17:19:03'),(859,28,'D','None','Mekanisme komunikasi dan koordinasi cabang pelabuhan dengan stakeholder strategis','Baik','Site Visit','2026-06-18 17:19:03','2026-06-18 17:19:03'),(860,28,'D','None','_catatan_','<ul><li>SASDADSSAD</li><li>A</li><li>DSDADDWA</li><li>DSD</li><li>ADSD</li><li>SDA</li></ul>',NULL,'2026-06-18 17:19:03','2026-06-18 17:19:03'),(861,28,'RESUME','Resume','Evaluasi dan pemantauan proyeksi dibandingkan realisasi arus penumpang, kendaraan, dan barang','SA',NULL,'2026-06-18 17:19:03','2026-06-18 17:19:03'),(862,28,'RESUME','Resume','Evaluasi efektifitas dalam Posko Lebaran Terpadu bersama stakeholder terkait','DE',NULL,'2026-06-18 17:19:03','2026-06-18 17:19:03'),(863,28,'RESUME','Resume','Evaluasi harian kinerja operasional melalui penyampaian daily dashboard report kepada Direksi','DADWQ',NULL,'2026-06-18 17:19:03','2026-06-18 17:19:03'),(864,28,'RESUME','Resume','Catatan','ASDEQ',NULL,'2026-06-18 17:19:03','2026-06-18 17:19:03'),(890,29,'A','None','Alur dan kolam','Baik','Site Visit','2026-06-18 23:51:59','2026-06-18 23:51:59'),(891,29,'A','None','Fasilitas terminal dan lapangang','Baik','Site Visit','2026-06-18 23:51:59','2026-06-18 23:51:59'),(892,29,'A','None','Fasilitas dan kebersihan terminal penumpang','Baik','Site Visit','2026-06-18 23:51:59','2026-06-18 23:51:59'),(893,29,'A','None','Kecukupan sistem teknologi informasi dan digitalisasi','Baik','Site Visit','2026-06-18 23:51:59','2026-06-18 23:51:59'),(894,29,'A','None','Kesiapan rencana kontinjensi terhadap gangguan sistem dan lonjakan ekstrem aktivitas pelabuhan','Baik','Site Visit','2026-06-18 23:51:59','2026-06-18 23:51:59'),(895,29,'A','None','Kesiapan rencana kontinjensi terhadap gangguan cuaca buruk pada pelayanan penumpang','Kurang','Site Visit','2026-06-18 23:51:59','2026-06-18 23:51:59'),(896,29,'A','None','_catatan_',NULL,NULL,'2026-06-18 23:51:59','2026-06-18 23:51:59'),(897,29,'B','None','Kesiapan dan keandalan peralatan bongkar muat','Baik','Site Visit','2026-06-18 23:51:59','2026-06-18 23:51:59'),(898,29,'B','None','Kesiapan SDM operasional','Baik','Site Visit','2026-06-18 23:51:59','2026-06-18 23:51:59'),(899,29,'B','None','Indikator Dwelling Time sebagai kontrol kinerja operasional dan tata kelola arus barang di dalam kawasan pelabuhan','Baik','Site Visit','2026-06-18 23:51:59','2026-06-18 23:51:59'),(900,29,'B','None','Indikator pelayanan operasional','Baik','Site Visit','2026-06-18 23:51:59','2026-06-18 23:51:59'),(901,29,'B','None','Aspek keamanan dan zero major incident dalam pelayanan operasional','Baik','Site Visit','2026-06-18 23:51:59','2026-06-18 23:51:59'),(902,29,'B','None','_catatan_',NULL,NULL,'2026-06-18 23:51:59','2026-06-18 23:51:59'),(903,29,'C','None','Kesiapan sarana pendukung serta kesiapan tenaga pandu dan awak kapal','Baik','Site Visit','2026-06-18 23:51:59','2026-06-18 23:51:59'),(904,29,'C','None','Aspek K3 dan keselamatan pelayaran','Kurang','Site Visit','2026-06-18 23:51:59','2026-06-18 23:51:59'),(905,29,'C','None','Kesiapan rencana kontinjensi menghadapi cuaca ekstrem dan lonjakan trafik kapal','Kurang','Site Visit','2026-06-18 23:51:59','2026-06-18 23:51:59'),(906,29,'C','None','_catatan_',NULL,NULL,'2026-06-18 23:51:59','2026-06-18 23:51:59'),(907,29,'D','None','Penyelelesaian komplain dari asosiasi dan pengguna jasa','Baik','Site Visit','2026-06-18 23:51:59','2026-06-18 23:51:59'),(908,29,'D','None','Mekanisme komunikasi publik dan media handling','Baik','Site Visit','2026-06-18 23:51:59','2026-06-18 23:51:59'),(909,29,'D','None','Mekanisme komunikasi dan koordinasi cabang pelabuhan dengan stakeholder strategis','Baik','Site Visit','2026-06-18 23:51:59','2026-06-18 23:51:59'),(910,29,'D','None','_catatan_',NULL,NULL,'2026-06-18 23:51:59','2026-06-18 23:51:59'),(911,29,'RESUME','Resume','Evaluasi dan pemantauan proyeksi dibandingkan realisasi arus penumpang, kendaraan, dan barang','<p>czxca</p>',NULL,'2026-06-18 23:51:59','2026-06-18 23:51:59'),(912,29,'RESUME','Resume','Evaluasi efektifitas dalam Posko Lebaran Terpadu bersama stakeholder terkait','<p>fafafadfs</p>',NULL,'2026-06-18 23:51:59','2026-06-18 23:51:59'),(913,29,'RESUME','Resume','Evaluasi harian kinerja operasional melalui penyampaian daily dashboard report kepada Direksi','<p>sdfdsfds</p>',NULL,'2026-06-18 23:51:59','2026-06-18 23:51:59'),(914,29,'RESUME','Resume','Catatan','<p>sdfsfsfs</p>',NULL,'2026-06-18 23:51:59','2026-06-18 23:51:59'),(915,30,'A','None','Alur dan kolam','Baik','Site Visit','2026-06-19 00:38:19','2026-06-19 00:38:19'),(916,30,'A','None','Fasilitas terminal dan lapangang','Baik','Site Visit','2026-06-19 00:38:19','2026-06-19 00:38:19'),(917,30,'A','None','Fasilitas dan kebersihan terminal penumpang','Baik','Site Visit','2026-06-19 00:38:19','2026-06-19 00:38:19'),(918,30,'A','None','Kecukupan sistem teknologi informasi dan digitalisasi','Baik','Site Visit','2026-06-19 00:38:19','2026-06-19 00:38:19'),(919,30,'A','None','Kesiapan rencana kontinjensi terhadap gangguan sistem dan lonjakan ekstrem aktivitas pelabuhan','Kurang','Site Visit','2026-06-19 00:38:19','2026-06-19 00:38:19'),(920,30,'A','None','Kesiapan rencana kontinjensi terhadap gangguan cuaca buruk pada pelayanan penumpang','Kurang','Site Visit','2026-06-19 00:38:19','2026-06-19 00:38:19'),(921,30,'A','None','_catatan_',NULL,NULL,'2026-06-19 00:38:19','2026-06-19 00:38:19'),(922,30,'B','None','Kesiapan dan keandalan peralatan bongkar muat','Baik','Site Visit','2026-06-19 00:38:19','2026-06-19 00:38:19'),(923,30,'B','None','Kesiapan SDM operasional','Baik','Site Visit','2026-06-19 00:38:19','2026-06-19 00:38:19'),(924,30,'B','None','Indikator Dwelling Time sebagai kontrol kinerja operasional dan tata kelola arus barang di dalam kawasan pelabuhan','Baik','Site Visit','2026-06-19 00:38:19','2026-06-19 00:38:19'),(925,30,'B','None','Indikator pelayanan operasional','Kurang','Site Visit','2026-06-19 00:38:19','2026-06-19 00:38:19'),(926,30,'B','None','Aspek keamanan dan zero major incident dalam pelayanan operasional','Kurang','Site Visit','2026-06-19 00:38:19','2026-06-19 00:38:19'),(927,30,'B','None','_catatan_',NULL,NULL,'2026-06-19 00:38:19','2026-06-19 00:38:19'),(928,30,'C','None','Kesiapan sarana pendukung serta kesiapan tenaga pandu dan awak kapal','Baik','Site Visit','2026-06-19 00:38:19','2026-06-19 00:38:19'),(929,30,'C','None','Aspek K3 dan keselamatan pelayaran','Baik','Site Visit','2026-06-19 00:38:19','2026-06-19 00:38:19'),(930,30,'C','None','Kesiapan rencana kontinjensi menghadapi cuaca ekstrem dan lonjakan trafik kapal','Baik','Site Visit','2026-06-19 00:38:19','2026-06-19 00:38:19'),(931,30,'C','None','_catatan_',NULL,NULL,'2026-06-19 00:38:19','2026-06-19 00:38:19'),(932,30,'D','None','Penyelelesaian komplain dari asosiasi dan pengguna jasa','Baik','Site Visit','2026-06-19 00:38:19','2026-06-19 00:38:19'),(933,30,'D','None','Mekanisme komunikasi publik dan media handling','Kurang','Site Visit','2026-06-19 00:38:19','2026-06-19 00:38:19'),(934,30,'D','None','Mekanisme komunikasi dan koordinasi cabang pelabuhan dengan stakeholder strategis','Kurang','Site Visit','2026-06-19 00:38:19','2026-06-19 00:38:19'),(935,30,'D','None','_catatan_',NULL,NULL,'2026-06-19 00:38:19','2026-06-19 00:38:19'),(936,30,'RESUME','Resume','Evaluasi dan pemantauan proyeksi dibandingkan realisasi arus penumpang, kendaraan, dan barang','<p>sad</p>',NULL,'2026-06-19 00:38:19','2026-06-19 00:38:19'),(937,30,'RESUME','Resume','Evaluasi efektifitas dalam Posko Lebaran Terpadu bersama stakeholder terkait','<p>das</p>',NULL,'2026-06-19 00:38:19','2026-06-19 00:38:19'),(938,30,'RESUME','Resume','Evaluasi harian kinerja operasional melalui penyampaian daily dashboard report kepada Direksi','<p>dadW</p>',NULL,'2026-06-19 00:38:19','2026-06-19 00:38:19'),(939,30,'RESUME','Resume','Catatan','<p>SDAFGDXZ</p>',NULL,'2026-06-19 00:38:19','2026-06-19 00:38:19'),(1040,31,'A','None','Alur dan kolam','Baik','Site Visit','2026-06-21 16:41:29','2026-06-21 16:41:29'),(1041,31,'A','None','Fasilitas terminal dan lapangang','Baik','Site Visit','2026-06-21 16:41:29','2026-06-21 16:41:29'),(1042,31,'A','None','Fasilitas dan kebersihan terminal penumpang','Baik','Site Visit','2026-06-21 16:41:29','2026-06-21 16:41:29'),(1043,31,'A','None','Kecukupan sistem teknologi informasi dan digitalisasi','Baik','Site Visit','2026-06-21 16:41:29','2026-06-21 16:41:29'),(1044,31,'A','None','Kesiapan rencana kontinjensi terhadap gangguan sistem dan lonjakan ekstrem aktivitas pelabuhan','Kurang','Site Visit','2026-06-21 16:41:29','2026-06-21 16:41:29'),(1045,31,'A','None','Kesiapan rencana kontinjensi terhadap gangguan cuaca buruk pada pelayanan penumpang','Kurang','Site Visit','2026-06-21 16:41:29','2026-06-21 16:41:29'),(1046,31,'A','None','_catatan_','<ul><li>asasda</li></ul>',NULL,'2026-06-21 16:41:29','2026-06-21 16:41:29'),(1047,31,'B','None','Kesiapan dan keandalan peralatan bongkar muat','Baik','Site Visit','2026-06-21 16:41:29','2026-06-21 16:41:29'),(1048,31,'B','None','Kesiapan SDM operasional','Baik','Site Visit','2026-06-21 16:41:29','2026-06-21 16:41:29'),(1049,31,'B','None','Indikator Dwelling Time sebagai kontrol kinerja operasional dan tata kelola arus barang di dalam kawasan pelabuhan','Baik','Site Visit','2026-06-21 16:41:29','2026-06-21 16:41:29'),(1050,31,'B','None','Indikator pelayanan operasional','Baik','Site Visit','2026-06-21 16:41:29','2026-06-21 16:41:29'),(1051,31,'B','None','Aspek keamanan dan zero major incident dalam pelayanan operasional','Kurang','Site Visit','2026-06-21 16:41:29','2026-06-21 16:41:29'),(1052,31,'B','None','_catatan_','<ul><li>adas</li><li>asda</li></ul>',NULL,'2026-06-21 16:41:29','2026-06-21 16:41:29'),(1053,31,'C','None','Kesiapan sarana pendukung serta kesiapan tenaga pandu dan awak kapal','Baik','Site Visit','2026-06-21 16:41:29','2026-06-21 16:41:29'),(1054,31,'C','None','Aspek K3 dan keselamatan pelayaran','Baik','Site Visit','2026-06-21 16:41:29','2026-06-21 16:41:29'),(1055,31,'C','None','Kesiapan rencana kontinjensi menghadapi cuaca ekstrem dan lonjakan trafik kapal','Baik','Site Visit','2026-06-21 16:41:29','2026-06-21 16:41:29'),(1056,31,'C','None','_catatan_','<ul><li>adasdasa</li></ul>',NULL,'2026-06-21 16:41:29','2026-06-21 16:41:29'),(1057,31,'D','None','Penyelelesaian komplain dari asosiasi dan pengguna jasa','Baik','Site Visit','2026-06-21 16:41:29','2026-06-21 16:41:29'),(1058,31,'D','None','Mekanisme komunikasi publik dan media handling','Kurang','Site Visit','2026-06-21 16:41:29','2026-06-21 16:41:29'),(1059,31,'D','None','Mekanisme komunikasi dan koordinasi cabang pelabuhan dengan stakeholder strategis','Kurang','Site Visit','2026-06-21 16:41:29','2026-06-21 16:41:29'),(1060,31,'D','None','_catatan_','<ul><li>sada</li><li>asda</li></ul>',NULL,'2026-06-21 16:41:29','2026-06-21 16:41:29'),(1061,31,'RESUME','Resume','Evaluasi dan pemantauan proyeksi dibandingkan realisasi arus penumpang, kendaraan, dan barang','<p>sa</p>',NULL,'2026-06-21 16:41:29','2026-06-21 16:41:29'),(1062,31,'RESUME','Resume','Evaluasi efektifitas dalam Posko Lebaran Terpadu bersama stakeholder terkait','<p>ass</p>',NULL,'2026-06-21 16:41:29','2026-06-21 16:41:29'),(1063,31,'RESUME','Resume','Evaluasi harian kinerja operasional melalui penyampaian daily dashboard report kepada Direksi','<p>ada</p>',NULL,'2026-06-21 16:41:29','2026-06-21 16:41:29'),(1064,31,'RESUME','Resume','Catatan','<p>sda</p>',NULL,'2026-06-21 16:41:29','2026-06-21 16:41:29'),(1065,32,'A','None','Alur dan kolam','Baik','Site Visit','2026-06-21 16:47:34','2026-06-21 16:47:34'),(1066,32,'A','None','Fasilitas terminal dan lapangang','Baik','Site Visit','2026-06-21 16:47:34','2026-06-21 16:47:34'),(1067,32,'A','None','Fasilitas dan kebersihan terminal penumpang','Baik','Site Visit','2026-06-21 16:47:34','2026-06-21 16:47:34'),(1068,32,'A','None','Kecukupan sistem teknologi informasi dan digitalisasi','Kurang','Site Visit','2026-06-21 16:47:34','2026-06-21 16:47:34'),(1069,32,'A','None','Kesiapan rencana kontinjensi terhadap gangguan sistem dan lonjakan ekstrem aktivitas pelabuhan','Kurang','Site Visit','2026-06-21 16:47:34','2026-06-21 16:47:34'),(1070,32,'A','None','Kesiapan rencana kontinjensi terhadap gangguan cuaca buruk pada pelayanan penumpang','Kurang','Site Visit','2026-06-21 16:47:34','2026-06-21 16:47:34'),(1071,32,'A','None','_catatan_',NULL,NULL,'2026-06-21 16:47:34','2026-06-21 16:47:34'),(1072,32,'B','None','Kesiapan dan keandalan peralatan bongkar muat','Baik','Site Visit','2026-06-21 16:47:34','2026-06-21 16:47:34'),(1073,32,'B','None','Kesiapan SDM operasional','Baik','Site Visit','2026-06-21 16:47:34','2026-06-21 16:47:34'),(1074,32,'B','None','Indikator Dwelling Time sebagai kontrol kinerja operasional dan tata kelola arus barang di dalam kawasan pelabuhan','Baik','Site Visit','2026-06-21 16:47:34','2026-06-21 16:47:34'),(1075,32,'B','None','Indikator pelayanan operasional','Kurang','Site Visit','2026-06-21 16:47:34','2026-06-21 16:47:34'),(1076,32,'B','None','Aspek keamanan dan zero major incident dalam pelayanan operasional','Kurang','Site Visit','2026-06-21 16:47:34','2026-06-21 16:47:34'),(1077,32,'B','None','_catatan_',NULL,NULL,'2026-06-21 16:47:34','2026-06-21 16:47:34'),(1078,32,'C','None','Kesiapan sarana pendukung serta kesiapan tenaga pandu dan awak kapal','Baik','Site Visit','2026-06-21 16:47:34','2026-06-21 16:47:34'),(1079,32,'C','None','Aspek K3 dan keselamatan pelayaran','Baik','Site Visit','2026-06-21 16:47:34','2026-06-21 16:47:34'),(1080,32,'C','None','Kesiapan rencana kontinjensi menghadapi cuaca ekstrem dan lonjakan trafik kapal','Kurang','Site Visit','2026-06-21 16:47:34','2026-06-21 16:47:34'),(1081,32,'C','None','_catatan_',NULL,NULL,'2026-06-21 16:47:34','2026-06-21 16:47:34'),(1082,32,'D','None','Penyelelesaian komplain dari asosiasi dan pengguna jasa','Baik','Site Visit','2026-06-21 16:47:34','2026-06-21 16:47:34'),(1083,32,'D','None','Mekanisme komunikasi publik dan media handling','Kurang','Site Visit','2026-06-21 16:47:34','2026-06-21 16:47:34'),(1084,32,'D','None','Mekanisme komunikasi dan koordinasi cabang pelabuhan dengan stakeholder strategis','Kurang','Site Visit','2026-06-21 16:47:34','2026-06-21 16:47:34'),(1085,32,'D','None','_catatan_','<p>sxSda</p>',NULL,'2026-06-21 16:47:34','2026-06-21 16:47:34'),(1086,32,'RESUME','Resume','Evaluasi dan pemantauan proyeksi dibandingkan realisasi arus penumpang, kendaraan, dan barang','<p>dadaddad</p>',NULL,'2026-06-21 16:47:34','2026-06-21 16:47:34'),(1087,32,'RESUME','Resume','Evaluasi efektifitas dalam Posko Lebaran Terpadu bersama stakeholder terkait','<p>dadadaddad</p>',NULL,'2026-06-21 16:47:34','2026-06-21 16:47:34'),(1088,32,'RESUME','Resume','Evaluasi harian kinerja operasional melalui penyampaian daily dashboard report kepada Direksi','<p>adasdas</p>',NULL,'2026-06-21 16:47:34','2026-06-21 16:47:34'),(1089,32,'RESUME','Resume','Catatan','<p>dasda</p>',NULL,'2026-06-21 16:47:34','2026-06-21 16:47:34'),(1115,33,'A','None','Alur dan kolam','Baik','Site Visit','2026-06-21 17:55:58','2026-06-21 17:55:58'),(1116,33,'A','None','Fasilitas terminal dan lapangang','Baik','Site Visit','2026-06-21 17:55:58','2026-06-21 17:55:58'),(1117,33,'A','None','Fasilitas dan kebersihan terminal penumpang','Baik','Site Visit','2026-06-21 17:55:58','2026-06-21 17:55:58'),(1118,33,'A','None','Kecukupan sistem teknologi informasi dan digitalisasi','Baik','Site Visit','2026-06-21 17:55:58','2026-06-21 17:55:58'),(1119,33,'A','None','Kesiapan rencana kontinjensi terhadap gangguan sistem dan lonjakan ekstrem aktivitas pelabuhan','Baik','Site Visit','2026-06-21 17:55:58','2026-06-21 17:55:58'),(1120,33,'A','None','Kesiapan rencana kontinjensi terhadap gangguan cuaca buruk pada pelayanan penumpang','Baik','Site Visit','2026-06-21 17:55:58','2026-06-21 17:55:58'),(1121,33,'A','None','_catatan_',NULL,NULL,'2026-06-21 17:55:58','2026-06-21 17:55:58'),(1122,33,'B','None','Kesiapan dan keandalan peralatan bongkar muat','Baik','Site Visit','2026-06-21 17:55:58','2026-06-21 17:55:58'),(1123,33,'B','None','Kesiapan SDM operasional','Baik','Site Visit','2026-06-21 17:55:58','2026-06-21 17:55:58'),(1124,33,'B','None','Indikator Dwelling Time sebagai kontrol kinerja operasional dan tata kelola arus barang di dalam kawasan pelabuhan','Baik','Site Visit','2026-06-21 17:55:58','2026-06-21 17:55:58'),(1125,33,'B','None','Indikator pelayanan operasional','Kurang','Site Visit','2026-06-21 17:55:58','2026-06-21 17:55:58'),(1126,33,'B','None','Aspek keamanan dan zero major incident dalam pelayanan operasional','Baik','Site Visit','2026-06-21 17:55:58','2026-06-21 17:55:58'),(1127,33,'B','None','_catatan_',NULL,NULL,'2026-06-21 17:55:58','2026-06-21 17:55:58'),(1128,33,'C','None','Kesiapan sarana pendukung serta kesiapan tenaga pandu dan awak kapal','Baik','Site Visit','2026-06-21 17:55:58','2026-06-21 17:55:58'),(1129,33,'C','None','Aspek K3 dan keselamatan pelayaran','Baik','Site Visit','2026-06-21 17:55:58','2026-06-21 17:55:58'),(1130,33,'C','None','Kesiapan rencana kontinjensi menghadapi cuaca ekstrem dan lonjakan trafik kapal','Baik','Site Visit','2026-06-21 17:55:58','2026-06-21 17:55:58'),(1131,33,'C','None','_catatan_',NULL,NULL,'2026-06-21 17:55:58','2026-06-21 17:55:58'),(1132,33,'D','None','Penyelelesaian komplain dari asosiasi dan pengguna jasa','Baik','Site Visit','2026-06-21 17:55:58','2026-06-21 17:55:58'),(1133,33,'D','None','Mekanisme komunikasi publik dan media handling','Baik','Site Visit','2026-06-21 17:55:58','2026-06-21 17:55:58'),(1134,33,'D','None','Mekanisme komunikasi dan koordinasi cabang pelabuhan dengan stakeholder strategis','Kurang','Site Visit','2026-06-21 17:55:58','2026-06-21 17:55:58'),(1135,33,'D','None','_catatan_',NULL,NULL,'2026-06-21 17:55:58','2026-06-21 17:55:58'),(1136,33,'RESUME','Resume','Monitoring Fasilitas dan Operasional Pelabuhan','<p>zaz</p>',NULL,'2026-06-21 17:55:58','2026-06-21 17:55:58'),(1137,33,'RESUME','Resume','Posisi Sandar Kapal','<p>wxsx</p>',NULL,'2026-06-21 17:55:58','2026-06-21 17:55:58'),(1138,33,'RESUME','Resume','Laporan insiden khusus','<p>wxcc</p>',NULL,'2026-06-21 17:55:58','2026-06-21 17:55:58'),(1139,33,'RESUME','Resume','Catatan','<p>wadsawcd</p>',NULL,'2026-06-21 17:55:58','2026-06-21 17:55:58');
/*!40000 ALTER TABLE `piket_details` ENABLE KEYS */;
UNLOCK TABLES;

--
-- Table structure for table `piket_inputs`
--

DROP TABLE IF EXISTS `piket_inputs`;
/*!40101 SET @saved_cs_client     = @@character_set_client */;
/*!50503 SET character_set_client = utf8mb4 */;
CREATE TABLE `piket_inputs` (
  `id` bigint unsigned NOT NULL AUTO_INCREMENT,
  `user_id` bigint unsigned NOT NULL,
  `tanggal` date NOT NULL,
  `lokasi` varchar(255) COLLATE utf8mb4_unicode_ci NOT NULL,
  `jenis_piket` varchar(255) COLLATE utf8mb4_unicode_ci NOT NULL,
  `persentase` int NOT NULL DEFAULT '0',
  `catatan` text COLLATE utf8mb4_unicode_ci,
  `file_path` text COLLATE utf8mb4_unicode_ci,
  `created_at` timestamp NULL DEFAULT NULL,
  `updated_at` timestamp NULL DEFAULT NULL,
  `status` varchar(255) COLLATE utf8mb4_unicode_ci NOT NULL DEFAULT 'draft',
  `score` int NOT NULL DEFAULT '0',
  `alasan_tolak` text COLLATE utf8mb4_unicode_ci,
  PRIMARY KEY (`id`),
  KEY `piket_inputs_user_id_foreign` (`user_id`),
  CONSTRAINT `piket_inputs_user_id_foreign` FOREIGN KEY (`user_id`) REFERENCES `users` (`id`) ON DELETE CASCADE
) ENGINE=InnoDB AUTO_INCREMENT=34 DEFAULT CHARSET=utf8mb4 COLLATE=utf8mb4_unicode_ci;
/*!40101 SET character_set_client = @saved_cs_client */;

--
-- Dumping data for table `piket_inputs`
--

LOCK TABLES `piket_inputs` WRITE;
/*!40000 ALTER TABLE `piket_inputs` DISABLE KEYS */;
INSERT INTO `piket_inputs` VALUES (1,1,'2026-06-16','TPK Kupang','Daily',100,NULL,NULL,'2026-06-16 00:17:25','2026-06-16 00:17:25','draft',0,NULL),(2,1,'2026-06-16','TPK Makassar','Daily',100,NULL,NULL,'2026-06-16 00:26:53','2026-06-16 00:26:53','draft',0,NULL),(3,1,'2026-06-17','TPK Kupang','Daily',100,'tesss','lampiran_piket/0id3llt6SdNy1sQwcGB1U4IRXMM1ty1xi4x4heA2.pdf','2026-06-16 16:37:18','2026-06-16 16:37:18','draft',0,NULL),(4,1,'2026-06-17','TPK Kupang','Angkutan Lebaran',100,'sdsdasd','lampiran_piket/sn3HRiscEYZB0BL2QP9FQJ0eHsAciaYZx4IWfCPY.pdf','2026-06-16 16:48:14','2026-06-16 16:48:14','draft',0,NULL),(5,3,'2026-06-17','TPK Makassar','Daily',100,'vghvvhv','lampiran_piket/NHMXdUYAWUNDLC18BfRPRrIvbpT1UhNtmgIisp1d.pdf','2026-06-16 21:31:52','2026-06-16 21:31:52','draft',0,NULL),(6,3,'2026-06-17','TPK Makassar','Daily',100,'vghvvhv','lampiran_piket/TkTyklYZp7tLtsX1OgdkVSUtvx2pYy6Sfha7egCT.pdf','2026-06-16 21:31:52','2026-06-16 21:31:52','draft',0,NULL),(7,3,'2026-06-17','TPK Makassar','Daily',100,NULL,NULL,'2026-06-16 21:43:36','2026-06-16 21:43:36','draft',0,NULL),(8,3,'2026-06-17','TPK Makassar','Daily',100,'dsdsds',NULL,'2026-06-16 22:04:34','2026-06-16 22:04:34','draft',0,NULL),(9,3,'2026-06-18','TPK Makassar','Daily',100,NULL,NULL,'2026-06-17 17:27:05','2026-06-17 17:27:05','draft',0,NULL),(10,3,'2026-06-18','TPK Makassar','Daily',100,'nbvjhgfdrewerty',NULL,'2026-06-17 18:22:49','2026-06-17 18:22:49','draft',0,NULL),(11,3,'2026-06-18','TPK Makassar','Daily',100,'adsdadasdWdsfghj',NULL,'2026-06-17 18:28:30','2026-06-17 18:28:30','draft',0,NULL),(12,3,'2026-06-18','TPK Makassar','Daily',100,'dada',NULL,'2026-06-17 18:36:31','2026-06-17 18:36:31','draft',0,NULL),(13,3,'2026-06-18','TPK Makassar','Daily',100,'qwertyuiop[]',NULL,'2026-06-17 18:46:26','2026-06-17 18:46:26','draft',0,NULL),(14,3,'2026-06-18','TPK Makassar','Daily',100,'tes pdf',NULL,'2026-06-17 18:51:31','2026-06-17 18:51:31','draft',0,NULL),(15,3,'2026-06-18','TPK Makassar','Daily',100,'tes pdf',NULL,'2026-06-17 18:51:33','2026-06-18 00:04:57','approved',53,NULL),(16,3,'2026-06-18','TPK Makassar','Angkutan Lebaran',100,NULL,NULL,'2026-06-17 20:40:19','2026-06-18 00:03:47','approved',68,NULL),(17,4,'2026-06-18','Cabang Parepare','Daily',100,NULL,NULL,'2026-06-17 20:53:53','2026-06-17 20:53:53','draft',0,NULL),(18,6,'2026-06-18','TPK Surabaya','Daily',100,NULL,NULL,'2026-06-17 21:49:50','2026-06-17 21:49:50','draft',0,NULL),(19,5,'2026-06-18','TPK Kupang','Daily',100,NULL,NULL,'2026-06-17 22:18:51','2026-06-17 22:18:51','draft',0,NULL),(20,5,'2026-06-19','TPK Kupang','Daily',100,NULL,'[\"lampiran_piket\\/6d358d69.png\",\"lampiran_piket\\/6d36231c.png\",\"lampiran_piket\\/6d363fcb.png\",\"lampiran_piket\\/6d365d31.png\",\"lampiran_piket\\/6d36eb55.png\",\"lampiran_piket\\/6d370f35.png\",\"lampiran_piket\\/6d375650.png\",\"lampiran_piket\\/6d377763.png\",\"lampiran_piket\\/6d3791a4.png\",\"lampiran_piket\\/6d37acec.png\"]','2026-06-17 23:15:52','2026-06-18 17:09:39','approved',65,NULL),(21,5,'2026-06-19','TPK Kupang','Daily',100,NULL,'[\"lampiran_piket\\/71fa04f8.png\",\"lampiran_piket\\/71fac321.png\",\"lampiran_piket\\/71fad7c7.png\",\"lampiran_piket\\/71fae8c8.png\",\"lampiran_piket\\/71faf7e2.png\",\"lampiran_piket\\/71fb29bf.png\",\"lampiran_piket\\/71fb6448.png\",\"lampiran_piket\\/71fb7bea.png\",\"lampiran_piket\\/71fb991b.png\",\"lampiran_piket\\/71fbc0d2.png\"]','2026-06-17 23:15:52','2026-06-18 17:10:55','approved',65,NULL),(22,5,'2026-06-18','TPK Kupang','Daily',100,NULL,NULL,'2026-06-17 23:15:53','2026-06-17 23:26:45','approved',65,NULL),(23,3,'2026-06-18','TPK Makassar','Daily',100,NULL,NULL,'2026-06-17 23:24:44','2026-06-18 00:03:10','approved',65,NULL),(24,7,'2026-06-18','TPK Jayapura','Daily',100,NULL,NULL,'2026-06-18 00:15:16','2026-06-18 00:15:16','approved',41,NULL),(25,3,'2026-06-18','TPK Makassar','Daily',100,NULL,NULL,'2026-06-18 00:26:42','2026-06-18 00:27:28','approved',94,NULL),(26,5,'2026-06-19','TPK Kupang','Daily',100,NULL,'lampiran_piket/22NpA2rynSQ5ZGbaUWcVNarQCt1IPNmz07n5TnU3.jpg','2026-06-18 00:50:11','2026-06-18 16:53:38','approved',94,NULL),(27,5,'2026-06-19','TPK Kupang','Daily',100,NULL,NULL,'2026-06-18 16:44:34','2026-06-18 16:44:34','approved',53,NULL),(28,3,'2026-06-19','TPK Makassar','Daily',100,NULL,'[\"lampiran_piket\\/90713b71.png\",\"lampiran_piket\\/9071c2c1.png\",\"lampiran_piket\\/9071d837.png\",\"lampiran_piket\\/9071eee7.png\",\"lampiran_piket\\/907206da.png\",\"lampiran_piket\\/90721da0.png\",\"lampiran_piket\\/9072311a.png\",\"lampiran_piket\\/90724330.png\",\"lampiran_piket\\/907265cd.png\"]','2026-06-18 17:19:03','2026-06-18 17:19:03','approved',82,NULL),(29,6,'2026-06-19','Cabang Fakfak','Daily',100,NULL,NULL,'2026-06-18 23:51:39','2026-06-18 23:51:59','approved',82,NULL),(30,7,'2026-06-19','TPK Jayapura','Daily',100,NULL,NULL,'2026-06-19 00:38:19','2026-06-19 00:40:24','approved',65,NULL),(31,3,'2026-06-22','TPK Makassar','Daily',100,NULL,'[\"lampiran_piket\\/36ec9657.png\"]','2026-06-21 16:36:00','2026-06-21 16:44:24','approved',71,NULL),(32,4,'2026-06-22','Cabang Parepare','Daily',100,NULL,NULL,'2026-06-21 16:47:34','2026-06-21 16:47:47','approved',53,NULL),(33,7,'2026-06-22','TPK Jayapura','Daily',100,NULL,NULL,'2026-06-21 16:53:09','2026-06-21 17:56:18','approved',88,NULL);
/*!40000 ALTER TABLE `piket_inputs` ENABLE KEYS */;
UNLOCK TABLES;

--
-- Table structure for table `sessions`
--

DROP TABLE IF EXISTS `sessions`;
/*!40101 SET @saved_cs_client     = @@character_set_client */;
/*!50503 SET character_set_client = utf8mb4 */;
CREATE TABLE `sessions` (
  `id` varchar(255) COLLATE utf8mb4_unicode_ci NOT NULL,
  `user_id` bigint unsigned DEFAULT NULL,
  `ip_address` varchar(45) COLLATE utf8mb4_unicode_ci DEFAULT NULL,
  `user_agent` text COLLATE utf8mb4_unicode_ci,
  `payload` longtext COLLATE utf8mb4_unicode_ci NOT NULL,
  `last_activity` int NOT NULL,
  PRIMARY KEY (`id`),
  KEY `sessions_user_id_index` (`user_id`),
  KEY `sessions_last_activity_index` (`last_activity`)
) ENGINE=InnoDB DEFAULT CHARSET=utf8mb4 COLLATE=utf8mb4_unicode_ci;
/*!40101 SET character_set_client = @saved_cs_client */;

--
-- Dumping data for table `sessions`
--

LOCK TABLES `sessions` WRITE;
/*!40000 ALTER TABLE `sessions` DISABLE KEYS */;
INSERT INTO `sessions` VALUES ('G2gxQNCqri5QHyzVb56OJGAVbKXFRfznGngvtTwS',8,'127.0.0.1','Mozilla/5.0 (Windows NT 10.0; Win64; x64) AppleWebKit/537.36 (KHTML, like Gecko) Chrome/149.0.0.0 Safari/537.36','eyJfdG9rZW4iOiJaU295elRhTFhtZVMyZkZPb29TczhJeTZzcDgxRGxETklYdGdZZVNqIiwiX3ByZXZpb3VzIjp7InVybCI6Imh0dHA6XC9cLzEyNy4wLjAuMTo4MDAwXC9kYXNoYm9hcmQiLCJyb3V0ZSI6ImRhc2hib2FyZCJ9LCJfZmxhc2giOnsib2xkIjpbXSwibmV3IjpbXX0sImxvZ2luX3dlYl81OWJhMzZhZGRjMmIyZjk0MDE1ODBmMDE0YzdmNThlYTRlMzA5ODlkIjo4fQ==',1782093441),('x5CtDVSrNVmmwERjDtpKdqPKLGfAOjqpzn5nhs4E',7,'127.0.0.1','Mozilla/5.0 (Windows NT 10.0; Win64; x64) AppleWebKit/537.36 (KHTML, like Gecko) Chrome/149.0.0.0 Safari/537.36 Edg/149.0.0.0','eyJfdG9rZW4iOiJqMUU4UUZmUWtZanFlRE9TZjlJaWp3ZHdaRGJtNWEyRnR6NGJ3cUgzIiwiX2ZsYXNoIjp7Im9sZCI6W10sIm5ldyI6W119LCJfcHJldmlvdXMiOnsidXJsIjoiaHR0cDpcL1wvMTI3LjAuMC4xOjgwMDBcL3Bpa2V0XC9pbnB1dD9qZW5pc19waWtldD1EYWlseSIsInJvdXRlIjoicGlrZXQuaW5wdXQifSwibG9naW5fd2ViXzU5YmEzNmFkZGMyYjJmOTQwMTU4MGYwMTRjN2Y1OGVhNGUzMDk4OWQiOjd9',1782093383);
/*!40000 ALTER TABLE `sessions` ENABLE KEYS */;
UNLOCK TABLES;

--
-- Table structure for table `templates`
--

DROP TABLE IF EXISTS `templates`;
/*!40101 SET @saved_cs_client     = @@character_set_client */;
/*!50503 SET character_set_client = utf8mb4 */;
CREATE TABLE `templates` (
  `id` bigint unsigned NOT NULL AUTO_INCREMENT,
  `jenis_piket` varchar(255) COLLATE utf8mb4_unicode_ci NOT NULL,
  `content` json NOT NULL,
  `created_at` timestamp NULL DEFAULT NULL,
  `updated_at` timestamp NULL DEFAULT NULL,
  PRIMARY KEY (`id`),
  UNIQUE KEY `templates_jenis_piket_unique` (`jenis_piket`)
) ENGINE=InnoDB AUTO_INCREMENT=4 DEFAULT CHARSET=utf8mb4 COLLATE=utf8mb4_unicode_ci;
/*!40101 SET character_set_client = @saved_cs_client */;

--
-- Dumping data for table `templates`
--

LOCK TABLES `templates` WRITE;
/*!40000 ALTER TABLE `templates` DISABLE KEYS */;
INSERT INTO `templates` VALUES (1,'Daily','[{\"is_resume\": false, \"subsections\": [{\"name\": \"\", \"items\": [\"Alur dan kolam\", \"Fasilitas terminal dan lapangang\", \"Fasilitas dan kebersihan terminal penumpang\", \"Kecukupan sistem teknologi informasi dan digitalisasi\", \"Kesiapan rencana kontinjensi terhadap gangguan sistem dan lonjakan ekstrem aktivitas pelabuhan\", \"Kesiapan rencana kontinjensi terhadap gangguan cuaca buruk pada pelayanan penumpang\"], \"metode_options\": [\"Site Visit\", \"Online\"], \"kondisi_options\": [\"Baik\", \"Kurang\"]}], \"section_title\": \"A. Monitoring kesiapan fasilitas pelabuhan\"}, {\"is_resume\": false, \"subsections\": [{\"name\": \"\", \"items\": [\"Kesiapan dan keandalan peralatan bongkar muat\", \"Kesiapan SDM operasional\", \"Indikator Dwelling Time sebagai kontrol kinerja operasional dan tata kelola arus barang di dalam kawasan pelabuhan\", \"Indikator pelayanan operasional\", \"Aspek keamanan dan zero major incident dalam pelayanan operasional\"], \"metode_options\": [\"Site Visit\", \"Online\"], \"kondisi_options\": [\"Baik\", \"Kurang\"]}], \"section_title\": \"B. Monitoring Kesiapan Pelayanan BM dan Pelayanan Operasional Pelabuhan\"}, {\"is_resume\": false, \"subsections\": [{\"name\": \"\", \"items\": [\"Kesiapan sarana pendukung serta kesiapan tenaga pandu dan awak kapal\", \"Aspek K3 dan keselamatan pelayaran\", \"Kesiapan rencana kontinjensi menghadapi cuaca ekstrem dan lonjakan trafik kapal\"], \"metode_options\": [\"Site Visit\", \"Online\"], \"kondisi_options\": [\"Baik\", \"Kurang\"]}], \"section_title\": \"C. Monitoring SBPP (Sarana Bantu Pemanduan dan Penundaan)\"}, {\"is_resume\": false, \"subsections\": [{\"name\": \"\", \"items\": [\"Penyelelesaian komplain dari asosiasi dan pengguna jasa\", \"Mekanisme komunikasi publik dan media handling\", \"Mekanisme komunikasi dan koordinasi cabang pelabuhan dengan stakeholder strategis\"], \"metode_options\": [\"Site Visit\", \"Online\"], \"kondisi_options\": [\"Baik\", \"Kurang\"]}], \"section_title\": \"D. Monitoring Komplain Pengguna Jasa, Hubungan Kelembagaan, dan Media Handling\"}, {\"is_resume\": true, \"subsections\": [{\"name\": \"\", \"items\": [\"Monitoring Fasilitas dan Operasional Pelabuhan\", \"Posisi Sandar Kapal\", \"Laporan insiden khusus\", \"Catatan\"], \"metode_options\": [], \"kondisi_options\": []}], \"section_title\": \"E. Evaluasi dan Resume Pelaksanaan Monitoring\"}]','2026-06-16 17:25:12','2026-06-21 17:19:30'),(2,'Angkutan Lebaran','[{\"is_resume\": false, \"subsections\": [{\"name\": \"1. Fasilitas Dermaga\", \"items\": [\"Dermaga\", \"Bolder\", \"Fender\"], \"metode_options\": [\"Site Visit\", \"Online\"], \"kondisi_options\": [\"Baik\", \"Kurang\"]}, {\"name\": \"2. Fasilitas Terminal penumpang\", \"items\": [\"Ruangan Tunggu Terminal\", \"Posko\", \"Lunch Room\", \"Toilet\", \"Mushola\", \"Laktasi\", \"AC / Kipas\", \"XRAY\", \"Tangga Penumpang\"], \"metode_options\": [\"Site Visit\", \"Online\"], \"kondisi_options\": [\"Baik\", \"Kurang\"]}], \"section_title\": \"A. MONITORING FASILITAS PELABUHAN\"}, {\"is_resume\": false, \"subsections\": [{\"name\": \"1. Kesiapan SDM\", \"items\": [\"SDM Operasi\", \"Pengamanan\"], \"metode_options\": [\"Site Visit\", \"Online\"], \"kondisi_options\": [\"Baik\", \"Kurang\"]}, {\"name\": \"2. Operasional Embarkasi / Debarkasi\", \"items\": [\"Kapal yang berkegiatan\", \"Antrian & Kepadatan Penumpang embarkasi / debarkasi\"], \"metode_options\": [\"Site Visit\", \"Online\"], \"kondisi_options\": [\"Baik\", \"Kurang\"]}], \"section_title\": \"B. MONITORING OPERASIONAL\"}, {\"is_resume\": false, \"subsections\": [{\"name\": \"1. Pengelolaan HSSE\", \"items\": [\"Incident\", \"Unsafe Action\", \"Unsafe Condition\"], \"metode_options\": [\"Site Visit\", \"Online\"], \"kondisi_options\": [\"Ada\", \"Tidak Ada\"]}, {\"name\": \"2. Kelengkapan Fasilitas HSSE\", \"items\": [\"Kelengkapan Fasilitas HSSE\"], \"metode_options\": [\"Site Visit\", \"Online\"], \"kondisi_options\": [\"Lengkap\", \"Tdk Lengkap\"]}, {\"name\": \"3. Fit to Work\", \"items\": [\"Fit to Work\"], \"metode_options\": [\"Site Visit\", \"Online\"], \"kondisi_options\": [\"Baik\", \"Kurang\"]}], \"section_title\": \"C. MONITORING HSSE\"}, {\"is_resume\": false, \"subsections\": [{\"name\": \"\", \"items\": [\"Penyelesaian Komplain\", \"Komunikasi Publik dan Media Handling\", \"Komunikasi dengan Stakeholder Terkait\"], \"metode_options\": [\"Site Visit\", \"Online\"], \"kondisi_options\": [\"Baik\", \"Kurang\"]}], \"section_title\": \"D. MONITORING KOMPLAIN PENGGUNA JASA, HUBUNGAN KELEMBAGAAN DAN MEDIA HANDLING\"}, {\"is_resume\": false, \"subsections\": [{\"name\": \"\", \"items\": [\"Tidak terdapat indikasi praktik tipping, pungutan liar, penyuapan, fraud, atau pemberian gratifikasi kepada petugas serta tidak terdapat percepatan layanan tidak resmi di luar prosedur yang berlaku.\"], \"metode_options\": [\"Site Visit\", \"Online\"], \"kondisi_options\": [\"Ada\", \"Tidak Ada\"]}], \"section_title\": \"E. MONITORING ANTI PENYUAPAN, FRAUD DAN GRATIFIKASI\"}, {\"is_resume\": true, \"subsections\": [{\"name\": \"\", \"items\": [\"Monitoring Fasilitas dan Operasional Pelabuhan\", \"Posisi Sandar Kapal\", \"Laporan insiden khusus\", \"Catatan\"], \"metode_options\": [], \"kondisi_options\": []}], \"section_title\": \"F. Evaluasi dan Resume Pelaksanaan Monitoring\"}]','2026-06-16 17:25:12','2026-06-21 17:19:30'),(3,'Libur Nataru','[{\"is_resume\": false, \"subsections\": [{\"name\": \"1. Fasilitas Dermaga\", \"items\": [\"Dermaga\", \"Bolder\", \"Fender\"], \"metode_options\": [\"Site Visit\", \"Online\"], \"kondisi_options\": [\"Baik\", \"Kurang\"]}, {\"name\": \"2. Fasilitas Terminal penumpang\", \"items\": [\"Ruangan Tunggu Terminal\", \"Posko\", \"Lunch Room\", \"Toilet\", \"Mushola\", \"Laktasi\", \"AC / Kipas\", \"XRAY\", \"Tangga Penumpang\"], \"metode_options\": [\"Site Visit\", \"Online\"], \"kondisi_options\": [\"Baik\", \"Kurang\"]}], \"section_title\": \"A. MONITORING FASILITAS PELABUHAN\"}, {\"is_resume\": false, \"subsections\": [{\"name\": \"1. Kesiapan SDM\", \"items\": [\"SDM Operasi\", \"Pengamanan\"], \"metode_options\": [\"Site Visit\", \"Online\"], \"kondisi_options\": [\"Baik\", \"Kurang\"]}, {\"name\": \"2. Operasional Embarkasi / Debarkasi\", \"items\": [\"Kapal yang berkegiatan\", \"Antrian & Kepadatan Penumpang embarkasi / debarkasi\"], \"metode_options\": [\"Site Visit\", \"Online\"], \"kondisi_options\": [\"Baik\", \"Kurang\"]}], \"section_title\": \"B. MONITORING OPERASIONAL\"}, {\"is_resume\": false, \"subsections\": [{\"name\": \"1. Pengelolaan HSSE\", \"items\": [\"Incident\", \"Unsafe Action\", \"Unsafe Condition\"], \"metode_options\": [\"Site Visit\", \"Online\"], \"kondisi_options\": [\"Ada\", \"Tidak Ada\"]}, {\"name\": \"2. Kelengkapan Fasilitas HSSE\", \"items\": [\"Kelengkapan Fasilitas HSSE\"], \"metode_options\": [\"Site Visit\", \"Online\"], \"kondisi_options\": [\"Lengkap\", \"Tdk Lengkap\"]}, {\"name\": \"3. Fit to Work\", \"items\": [\"Fit to Work\"], \"metode_options\": [\"Site Visit\", \"Online\"], \"kondisi_options\": [\"Baik\", \"Kurang\"]}], \"section_title\": \"C. MONITORING HSSE\"}, {\"is_resume\": false, \"subsections\": [{\"name\": \"\", \"items\": [\"Penyelesaian Komplain\", \"Komunikasi Publik dan Media Handling\", \"Komunikasi dengan Stakeholder Terkait\"], \"metode_options\": [\"Site Visit\", \"Online\"], \"kondisi_options\": [\"Baik\", \"Kurang\"]}], \"section_title\": \"D. MONITORING KOMPLAIN PENGGUNA JASA, HUBUNGAN KELEMBAGAAN DAN MEDIA HANDLING\"}, {\"is_resume\": false, \"subsections\": [{\"name\": \"\", \"items\": [\"Tidak terdapat indikasi praktik tipping, pungutan liar, penyuapan, fraud, atau pemberian gratifikasi kepada petugas serta tidak terdapat percepatan layanan tidak resmi di luar prosedur yang berlaku.\"], \"metode_options\": [\"Site Visit\", \"Online\"], \"kondisi_options\": [\"Ada\", \"Tidak Ada\"]}], \"section_title\": \"E. MONITORING ANTI PENYUAPAN, FRAUD DAN GRATIFIKASI\"}, {\"is_resume\": true, \"subsections\": [{\"name\": \"\", \"items\": [\"Monitoring Fasilitas dan Operasional Pelabuhan\", \"Posisi Sandar Kapal\", \"Laporan insiden khusus\", \"Catatan\"], \"metode_options\": [], \"kondisi_options\": []}], \"section_title\": \"F. Evaluasi dan Resume Pelaksanaan Monitoring\"}]','2026-06-18 21:32:54','2026-06-21 17:19:30');
/*!40000 ALTER TABLE `templates` ENABLE KEYS */;
UNLOCK TABLES;

--
-- Table structure for table `users`
--

DROP TABLE IF EXISTS `users`;
/*!40101 SET @saved_cs_client     = @@character_set_client */;
/*!50503 SET character_set_client = utf8mb4 */;
CREATE TABLE `users` (
  `id` bigint unsigned NOT NULL AUTO_INCREMENT,
  `name` varchar(255) COLLATE utf8mb4_unicode_ci NOT NULL,
  `username` varchar(255) COLLATE utf8mb4_unicode_ci NOT NULL,
  `role` varchar(255) COLLATE utf8mb4_unicode_ci NOT NULL DEFAULT 'officer',
  `lokasi_fix` varchar(255) COLLATE utf8mb4_unicode_ci DEFAULT NULL,
  `password` varchar(255) COLLATE utf8mb4_unicode_ci NOT NULL,
  `remember_token` varchar(100) COLLATE utf8mb4_unicode_ci DEFAULT NULL,
  `created_at` timestamp NULL DEFAULT NULL,
  `updated_at` timestamp NULL DEFAULT NULL,
  PRIMARY KEY (`id`),
  UNIQUE KEY `users_username_unique` (`username`)
) ENGINE=InnoDB AUTO_INCREMENT=9 DEFAULT CHARSET=utf8mb4 COLLATE=utf8mb4_unicode_ci;
/*!40101 SET character_set_client = @saved_cs_client */;

--
-- Dumping data for table `users`
--

LOCK TABLES `users` WRITE;
/*!40000 ALTER TABLE `users` DISABLE KEYS */;
INSERT INTO `users` VALUES (1,'IT SPTP','105933','admin',NULL,'$2y$12$jz35512Ugiv7IvNX2Ovucu18fPkwRoz2wH5kGAHZk3a2cS97y4o06','DAzdViPRpPDbx9snU41Z86rg2dO3s78BND15pEYWflXjjhSbhoSgeGpdD3PH','2026-06-15 23:40:55','2026-06-15 23:40:55'),(3,'Rosiq','16769','officer','TPK Makassar','$2y$12$5Lk5eG/6S3yZQTGHSjysOuhNd8j7bik8/iqVnYDvwm0aRA44NmGYW',NULL,'2026-06-16 16:43:10','2026-06-16 17:34:47'),(4,'Irham','15423','officer','Cabang Parepare','$2y$12$ce2xMS7NuI4zfCl/hSzdX.9ylyL26IrRu9niknNCBXS0C38nIN8.C',NULL,'2026-06-16 16:43:10','2026-06-17 20:52:27'),(5,'Administrator','admin','admin',NULL,'$2y$12$vyM.cSfykj3b7wVT1K6Yx.tf14qaK/7HF32INmOWr8KgK50Z8WgDK',NULL,'2026-06-16 17:25:12','2026-06-16 17:25:12'),(6,'Reefat','55555','officer','Cabang Fakfak','$2y$12$EI9lN/pjHbZgQV9I4Y4Ij.yX6.T1f3NIUDYhunHKXCDzvDkaeM77W',NULL,'2026-06-16 17:35:43','2026-06-17 21:51:31'),(7,'Bowo','19000','officer','TPK Jayapura','$2y$12$n5n030rcI9rqKoCw1vBzye0N4RPrmzf14RFfUo5GChnnB00UpJR7u',NULL,'2026-06-18 00:14:10','2026-06-18 00:14:10'),(8,'Ibu Sarah','153425','manager',NULL,'$2y$12$vtl24VrZ/02bFFV0y4p.pORGQTWPcqUurUvQDHn1gxtf/rm9TCxRe',NULL,'2026-06-19 00:30:05','2026-06-19 00:30:05');
/*!40000 ALTER TABLE `users` ENABLE KEYS */;
UNLOCK TABLES;
/*!40103 SET TIME_ZONE=@OLD_TIME_ZONE */;

/*!40101 SET SQL_MODE=@OLD_SQL_MODE */;
/*!40014 SET FOREIGN_KEY_CHECKS=@OLD_FOREIGN_KEY_CHECKS */;
/*!40014 SET UNIQUE_CHECKS=@OLD_UNIQUE_CHECKS */;
/*!40101 SET CHARACTER_SET_CLIENT=@OLD_CHARACTER_SET_CLIENT */;
/*!40101 SET CHARACTER_SET_RESULTS=@OLD_CHARACTER_SET_RESULTS */;
/*!40101 SET COLLATION_CONNECTION=@OLD_COLLATION_CONNECTION */;
/*!40111 SET SQL_NOTES=@OLD_SQL_NOTES */;

-- Dump completed on 2026-06-22 10:39:28
